단축코드,한글명,그룹코드,시장
F70100001,한투글로벌신성장2호(A),BC,코스피
F70100002,한투글로벌신성장1호(A),BC,코스피
F70100003,한투글로벌신성장1호(A-e),BC,코스피
F70100004,한투글로벌신성장2호(A-e),BC,코스피
F70101B95,밀라노부동산,BC,코스피
F70101B96,벨기에코어오피스2호,BC,코스피
F70101B99,한국투자도쿄한조몬오피스,BC,코스피
F70101B9A,한국투자뉴욕오피스1호,BC,코스피
F70101BB1,한국투자서울오피스,BC,코스피
F70102B96,룩셈부르크코어오피스(파생형)(A),BC,코스피
F70103B96,룩셈부르크코어오피스(파생형)(C-I),BC,코스피
F71201B97,키움히어로즈미국물류부동산1호,BC,코스피
F71201B98,키움히어로즈유럽오피스부동산1호 A,BC,코스피
F71202B98,키움히어로즈유럽오피스부동산1호 C-I,BC,코스피
F71203B98,키움히어로즈유럽오피스부동산2호 A,BC,코스피
F71204B98,키움히어로즈유럽오피스부동산2호 C-I,BC,코스피
F71205B98,키움히어로즈유럽오피스부동산3호 A,BC,코스피
F71206B98,키움히어로즈유럽오피스부동산3호 C-I,BC,코스피
F71207B98,키움히어로즈유럽오피스부동산4호 A,BC,코스피
F71208B98,키움히어로즈유럽오피스부동산4호 C-I,BC,코스피
F71901B9B,KB와이즈스타부동산3A,BC,코스피
F71901BB4,KB국민참여뉴딜,BC,코스피
F71901BBC,KB국민참여뉴딜2A,BC,코스피
F71902B9B,KB와이즈스타부동산3C-F,BC,코스피
F71902BBC,KB국민참여뉴딜2C,BC,코스피
F72500001,신한공모주하이일드[채권혼합](종A1),BC,코스피
F72500002,신한공모주하이일드[채권혼합](종A-e),BC,코스피
F72501BB4,신한국민참여정책형뉴딜혼합자산(종A1),BC,코스피
F72501BBC,신한국민참여정책형뉴딜혼합자산2호 C1,BC,코스피
F72502BB4,신한국민참여정책형뉴딜혼합자산(종C1),BC,코스피
F72502BBC,신한국민참여정책형뉴딜혼합자산2호 A1,BC,코스피
F72801BB4,한화국민참여정책형뉴딜 A,BC,코스피
F72801BBC,한화국민참여정책형뉴딜2A,BC,코스피
F72802BB4,한화국민참여정책형뉴딜 C,BC,코스피
F72802BBC,한화국민참여정책형뉴딜2C,BC,코스피
F73300001,다올공모주하이일드만기형증권1 A,BC,코스피
F73300002,다올공모주하이일드만기형증권1 Ae,BC,코스피
F73400001,코레이트하이일드공모주만기형증권1호A,BC,코스피
F73400002,코레이트하이일드공모주만기형증권1호A-e,BC,코스피
F73501BB4,GB국민참여정책형뉴딜A,BC,코스피
F73501BBC,GB뉴딜기업2호A,BC,코스피
F73502BB4,GB국민참여정책형뉴딜C,BC,코스피
F73502BBC,GB뉴딜기업2호Ae,BC,코스피
F73503BB4,GB국민참여정책형뉴딜I,BC,코스피
F74100001,흥국플러스공모주하이일드증권 A,BC,코스피
F74100002,흥국플러스공모주하이일드증권 A-e,BC,코스피
F74201773,하나대체나사부동산1호,BC,코스피
F7420177B,하나대체미국LA부동산1호 A,BC,코스피
F74201B98,하나대체일본부동산1호 P,BC,코스피
F74201BAA,하나대체미국부동산1호 A,BC,코스피
F7420277B,하나대체미국LA부동산1호 F,BC,코스피
F74202B98,하나대체일본부동산1호 A,BC,코스피
F74202BAA,하나대체미국부동산1호 C-I,BC,코스피
F74203B98,하나대체일본부동산1호 C-W,BC,코스피
F74204B98,하나대체일본부동산1호 C-I,BC,코스피
F74401769,맵스미국9-2호,BC,코스피
F74401777,맵스미국11호,BC,코스피
F74401BAA,맵스미국16호 종류A,BC,코스피
F74601669,KCGI베트남증권투자신탁,BC,코스피
F74701776,이지스코어부동산126호 A,BC,코스피
F74701789,이지스204호 Class A,BC,코스피
F74701B8A,이지스229호 Class A,BC,코스피
F74701B97,이지스글로벌281호 Class A,BC,코스피
F74701B9A,이지스299호A,BC,코스피
F74702776,이지스코어부동산126호 C-i,BC,코스피
F74702786,이지스리테일194호,BC,코스피
F74702B8A,이지스229호 Class C-I,BC,코스피
F75601BA2,유경공모부동산3호ClassA,BC,코스피
F75602BA2,유경공모부동산3호ClassC-I,BC,코스피
F75701BA7,현대유퍼스트부동산30호[파생형] A,BC,코스피
F75702BA7,현대유퍼스트부동산30호[파생형] C-i,BC,코스피
F75801BB4,IBK 국민참여정책형뉴딜 혼합자산 A,BC,코스피
F75801BBC,IBK국민참여정책형뉴딜혼합자산2호A,BC,코스피
F75802BB4,IBK 국민참여정책형뉴딜 혼합자산 C,BC,코스피
F75802BBC,IBK국민참여정책형뉴딜혼합자산2호C,BC,코스피
F76201BC5,이탈리아물류1호 종류A,BC,코스피
F76400001,VIP The First 증권투자신탁 1호 A,BC,코스피
F76400002,VIP The First 증권투자신탁 1호 A-e,BC,코스피
F76400003,VIP The First 증권투자신탁 2호 A,BC,코스피
F76400004,VIP The First 증권투자신탁 2호 A-e,BC,코스피
F77200001,한국밸류K-파워1호 (A),BC,코스피
F77200002,한국밸류K-파워1호 (A-e),BC,코스피
F77200003,한국밸류K-파워2호 (A),BC,코스피
F77200004,한국밸류K-파워2호 (A-e),BC,코스피
000020,동화약품,ST,코스피
000040,KR모터스,ST,코스피
000050,경방,ST,코스피
000070,삼양홀딩스,ST,코스피
000075,삼양홀딩스우,ST,코스피
000080,하이트진로,ST,코스피
000087,하이트진로2우B,ST,코스피
000100,유한양행,ST,코스피
000105,유한양행우,ST,코스피
000120,CJ대한통운,ST,코스피
000140,하이트진로홀딩스,ST,코스피
000145,하이트진로홀딩스우,ST,코스피
000150,두산,ST,코스피
000155,두산우,ST,코스피
000157,두산2우B,ST,코스피
000180,성창기업지주,ST,코스피
000210,DL,ST,코스피
000215,DL우,ST,코스피
000220,유유제약,ST,코스피
000225,유유제약1우,ST,코스피
000227,유유제약2우B,ST,코스피
000230,일동홀딩스,ST,코스피
000240,한국앤컴퍼니,ST,코스피
000270,기아,ST,코스피
000300,대유플러스,ST,코스피
000320,노루홀딩스,ST,코스피
000325,노루홀딩스우,ST,코스피
000370,한화손해보험,ST,코스피
000390,삼화페인트,ST,코스피
000400,롯데손해보험,ST,코스피
000430,대원강업,ST,코스피
000480,CR홀딩스,ST,코스피
000490,대동,ST,코스피
000500,가온전선,ST,코스피
000520,삼일제약,ST,코스피
000540,흥국화재,ST,코스피
000545,흥국화재우,ST,코스피
000590,CS홀딩스,ST,코스피
000640,동아쏘시오홀딩스,ST,코스피
000650,천일고속,ST,코스피
000660,SK하이닉스,ST,코스피
000670,영풍,ST,코스피
000680,LS네트웍스,ST,코스피
000700,유수홀딩스,ST,코스피
000720,현대건설,ST,코스피
000725,현대건설우,ST,코스피
000760,이화산업,ST,코스피
000810,삼성화재,ST,코스피
000815,삼성화재우,ST,코스피
000850,화천기공,ST,코스피
000860,강남제비스코,ST,코스피
000880,한화,ST,코스피
000885,한화우,ST,코스피
00088K,한화3우B,ST,코스피
000890,보해양조,ST,코스피
000910,유니온,ST,코스피
000950,전방,ST,코스피
000970,한국주철관,ST,코스피
000990,DB하이텍,ST,코스피
001020,페이퍼코리아,ST,코스피
001040,CJ,ST,코스피
001045,CJ우,ST,코스피
00104K,CJ4우(전환),ST,코스피
001060,JW중외제약,ST,코스피
001065,JW중외제약우,ST,코스피
001067,JW중외제약2우B,ST,코스피
001070,대한방직,ST,코스피
001080,만호제강,ST,코스피
001120,LX인터내셔널,ST,코스피
001130,대한제분,ST,코스피
001140,국보,ST,코스피
001200,유진투자증권,ST,코스피
001210,금호전기,ST,코스피
001230,동국홀딩스,ST,코스피
001250,GS글로벌,ST,코스피
001260,남광토건,ST,코스피
001270,부국증권,ST,코스피
001275,부국증권우,ST,코스피
001290,상상인증권,ST,코스피
001340,백광산업,ST,코스피
001360,삼성제약,ST,코스피
001380,SG글로벌,ST,코스피
001390,KG케미칼,ST,코스피
001420,태원물산,ST,코스피
001430,세아베스틸지주,ST,코스피
001440,대한전선,ST,코스피
001450,현대해상,ST,코스피
001460,BYC,ST,코스피
001465,BYC우,ST,코스피
001470,삼부토건,ST,코스피
001500,현대차증권,ST,코스피
001510,SK증권,ST,코스피
001515,SK증권우,ST,코스피
001520,동양,ST,코스피
001525,동양우,ST,코스피
001527,동양2우B,ST,코스피
001530,DI동일,ST,코스피
001550,조비,ST,코스피
001560,제일연마,ST,코스피
001570,금양,ST,코스피
001620,케이비아이동국실업,ST,코스피
001630,종근당홀딩스,ST,코스피
001680,대상,ST,코스피
001685,대상우,ST,코스피
001720,신영증권,ST,코스피
001725,신영증권우,ST,코스피
001740,SK네트웍스,ST,코스피
001750,한양증권,ST,코스피
001755,한양증권우,ST,코스피
001770,SHD,ST,코스피
001780,알루코,ST,코스피
001790,대한제당,ST,코스피
001795,대한제당우,ST,코스피
001800,오리온홀딩스,ST,코스피
001820,삼화콘덴서,ST,코스피
001880,DL건설,ST,코스피
001940,KISCO홀딩스,ST,코스피
002020,코오롱,ST,코스피
002025,코오롱우,ST,코스피
002030,아세아,ST,코스피
002070,비비안,ST,코스피
002100,경농,ST,코스피
002140,고려산업,ST,코스피
002150,도화엔지니어링,ST,코스피
002170,삼양통상,ST,코스피
002200,한국수출포장,ST,코스피
002210,동성제약,ST,코스피
002220,한일철강,ST,코스피
002240,고려제강,ST,코스피
002310,아세아제지,ST,코스피
002320,한진,ST,코스피
002350,넥센타이어,ST,코스피
002355,넥센타이어1우B,ST,코스피
002360,SH에너지화학,ST,코스피
002380,KCC,ST,코스피
002390,한독,ST,코스피
002410,범양건영,ST,코스피
002420,세기상사,ST,코스피
002450,삼익악기,ST,코스피
002460,화성산업,ST,코스피
002600,조흥,ST,코스피
002620,제일파마홀딩스,ST,코스피
002630,오리엔트바이오,ST,코스피
002690,동일제강,ST,코스피
002700,신일전자,ST,코스피
002710,TCC스틸,ST,코스피
002720,국제약품,ST,코스피
002760,보락,ST,코스피
002780,진흥기업,ST,코스피
002785,진흥기업우B,ST,코스피
002787,진흥기업2우B,ST,코스피
002790,아모레G,ST,코스피
002795,아모레G우,ST,코스피
00279K,아모레G3우(전환),ST,코스피
002810,삼영무역,ST,코스피
002820,SUN&L,ST,코스피
002840,미원상사,ST,코스피
002870,신풍,ST,코스피
002880,대유에이텍,ST,코스피
002900,TYM,ST,코스피
002920,유성기업,ST,코스피
002960,한국쉘석유,ST,코스피
002990,금호건설,ST,코스피
002995,금호건설우,ST,코스피
003000,부광약품,ST,코스피
003010,혜인,ST,코스피
003030,세아제강지주,ST,코스피
003060,에이프로젠바이오로직스,ST,코스피
003070,코오롱글로벌,ST,코스피
003075,코오롱글로벌우,ST,코스피
003080,성보화학,ST,코스피
003090,대웅,ST,코스피
003120,일성신약,ST,코스피
003160,디아이,ST,코스피
003200,일신방직,ST,코스피
003220,대원제약,ST,코스피
003230,삼양식품,ST,코스피
003240,태광산업,ST,코스피
003280,흥아해운,ST,코스피
003300,한일홀딩스,ST,코스피
003350,한국화장품제조,ST,코스피
003410,쌍용C&E,ST,코스피
003460,유화증권,ST,코스피
003465,유화증권우,ST,코스피
003470,유안타증권,ST,코스피
003475,유안타증권우,ST,코스피
003480,한진중공업홀딩스,ST,코스피
003490,대한항공,ST,코스피
003495,대한항공우,ST,코스피
003520,영진약품,ST,코스피
003530,한화투자증권,ST,코스피
003535,한화투자증권우,ST,코스피
003540,대신증권,ST,코스피
003545,대신증권우,ST,코스피
003547,대신증권2우B,ST,코스피
003550,LG,ST,코스피
003555,LG우,ST,코스피
003560,IHQ,ST,코스피
003570,SNT다이내믹스,ST,코스피
003580,HLB글로벌,ST,코스피
003610,방림,ST,코스피
003620,KG모빌리티,ST,코스피
003650,미창석유,ST,코스피
003670,포스코퓨처엠,ST,코스피
003680,한성기업,ST,코스피
003690,코리안리,ST,코스피
003720,삼영,ST,코스피
003780,진양산업,ST,코스피
003830,대한화섬,ST,코스피
003850,보령,ST,코스피
003920,남양유업,ST,코스피
003925,남양유업우,ST,코스피
003960,사조대림,ST,코스피
004000,롯데정밀화학,ST,코스피
004020,현대제철,ST,코스피
004060,SG세계물산,ST,코스피
004080,신흥,ST,코스피
004090,한국석유,ST,코스피
004100,태양금속,ST,코스피
004105,태양금속우,ST,코스피
004140,동방,ST,코스피
004150,한솔홀딩스,ST,코스피
004170,신세계,ST,코스피
004250,NPC,ST,코스피
004255,NPC우,ST,코스피
004270,남성,ST,코스피
004310,현대약품,ST,코스피
004360,세방,ST,코스피
004365,세방우,ST,코스피
004370,농심,ST,코스피
004380,삼익THK,ST,코스피
004410,서울식품,ST,코스피
004415,서울식품우,ST,코스피
004430,송원산업,ST,코스피
004440,삼일씨엔에스,ST,코스피
004450,삼화왕관,ST,코스피
004490,세방전지,ST,코스피
004540,깨끗한나라,ST,코스피
004545,깨끗한나라우,ST,코스피
004560,현대비앤지스틸,ST,코스피
004690,삼천리,ST,코스피
004700,조광피혁,ST,코스피
004710,한솔테크닉스,ST,코스피
004720,팜젠사이언스,ST,코스피
004770,써니전자,ST,코스피
004800,효성,ST,코스피
004830,덕성,ST,코스피
004835,덕성우,ST,코스피
004840,DRB동일,ST,코스피
004870,티웨이홀딩스,ST,코스피
004890,동일산업,ST,코스피
004910,조광페인트,ST,코스피
004920,씨아이테크,ST,코스피
004960,한신공영,ST,코스피
004970,신라교역,ST,코스피
004980,성신양회,ST,코스피
004985,성신양회우,ST,코스피
004990,롯데지주,ST,코스피
00499K,롯데지주우,ST,코스피
005010,휴스틸,ST,코스피
005030,부산주공,ST,코스피
005070,코스모신소재,ST,코스피
005090,SGC에너지,ST,코스피
005110,한창,ST,코스피
005180,빙그레,ST,코스피
005250,녹십자홀딩스,ST,코스피
005257,녹십자홀딩스2우,ST,코스피
005300,롯데칠성,ST,코스피
005305,롯데칠성우,ST,코스피
005320,국동,ST,코스피
005360,모나미,ST,코스피
005380,현대차,ST,코스피
005385,현대차우,ST,코스피
005387,현대차2우B,ST,코스피
005389,현대차3우B,ST,코스피
005390,신성통상,ST,코스피
005420,코스모화학,ST,코스피
005430,한국공항,ST,코스피
005440,현대지에프홀딩스,ST,코스피
005490,POSCO홀딩스,ST,코스피
005500,삼진제약,ST,코스피
005610,SPC삼립,ST,코스피
005680,삼영전자,ST,코스피
005690,파미셀,ST,코스피
005720,넥센,ST,코스피
005725,넥센우,ST,코스피
005740,크라운해태홀딩스,ST,코스피
005745,크라운해태홀딩스우,ST,코스피
005750,대림B&Co,ST,코스피
005800,신영와코루,ST,코스피
005810,풍산홀딩스,ST,코스피
005820,원림,ST,코스피
005830,DB손해보험,ST,코스피
005850,에스엘,ST,코스피
005870,휴니드,ST,코스피
005880,대한해운,ST,코스피
005930,삼성전자,ST,코스피
005935,삼성전자우,ST,코스피
005940,NH투자증권,ST,코스피
005945,NH투자증권우,ST,코스피
005950,이수화학,ST,코스피
005960,동부건설,ST,코스피
005965,동부건설우,ST,코스피
006040,동원산업,ST,코스피
006060,화승인더,ST,코스피
006090,사조오양,ST,코스피
006110,삼아알미늄,ST,코스피
006120,SK디스커버리,ST,코스피
006125,SK디스커버리우,ST,코스피
006200,한국전자홀딩스,ST,코스피
006220,제주은행,ST,코스피
006260,LS,ST,코스피
006280,녹십자,ST,코스피
006340,대원전선,ST,코스피
006345,대원전선우,ST,코스피
006360,GS건설,ST,코스피
006370,대구백화점,ST,코스피
006380,카프로,ST,코스피
006390,한일현대시멘트,ST,코스피
006400,삼성SDI,ST,코스피
006405,삼성SDI우,ST,코스피
006490,인스코비,ST,코스피
006570,대림통상,ST,코스피
006650,대한유화,ST,코스피
006660,삼성공조,ST,코스피
006740,영풍제지,ST,코스피
006800,미래에셋증권,ST,코스피
006805,미래에셋증권우,ST,코스피
00680K,미래에셋증권2우B,ST,코스피
006840,AK홀딩스,ST,코스피
006880,신송홀딩스,ST,코스피
006890,태경케미컬,ST,코스피
006980,우성,ST,코스피
007070,GS리테일,ST,코스피
007110,일신석재,ST,코스피
007120,미래아이앤지,ST,코스피
007160,사조산업,ST,코스피
007210,벽산,ST,코스피
007280,한국특강,ST,코스피
007310,오뚜기,ST,코스피
007340,DN오토모티브,ST,코스피
007460,에이프로젠,ST,코스피
007540,샘표,ST,코스피
007570,일양약품,ST,코스피
007575,일양약품우,ST,코스피
007590,동방아그로,ST,코스피
007610,선도전기,ST,코스피
007660,이수페타시스,ST,코스피
007690,국도화학,ST,코스피
007700,F&F홀딩스,ST,코스피
007810,코리아써키트,ST,코스피
007815,코리아써우,ST,코스피
00781K,코리아써키트2우B,ST,코스피
007860,서연,ST,코스피
007980,태평양물산,ST,코스피
008040,사조동아원,ST,코스피
008060,대덕,ST,코스피
00806K,대덕1우,ST,코스피
008110,대동전자,ST,코스피
008250,이건산업,ST,코스피
008260,NI스틸,ST,코스피
008350,남선알미늄,ST,코스피
008355,남선알미우,ST,코스피
008420,문배철강,ST,코스피
008490,서흥,ST,코스피
008500,일정실업,ST,코스피
008600,윌비스,ST,코스피
008700,아남전자,ST,코스피
008730,율촌화학,ST,코스피
008770,호텔신라,ST,코스피
008775,호텔신라우,ST,코스피
008870,금비,ST,코스피
008930,한미사이언스,ST,코스피
008970,동양철관,ST,코스피
009070,KCTC,ST,코스피
009140,경인전자,ST,코스피
009150,삼성전기,ST,코스피
009155,삼성전기우,ST,코스피
009160,SIMPAC,ST,코스피
009180,한솔로지스틱스,ST,코스피
009190,대양금속,ST,코스피
009200,무림페이퍼,ST,코스피
009240,한샘,ST,코스피
009270,신원,ST,코스피
009290,광동제약,ST,코스피
009310,참엔지니어링,ST,코스피
009320,대우부품,ST,코스피
009410,태영건설,ST,코스피
009415,태영건설우,ST,코스피
009420,한올바이오파마,ST,코스피
009440,KC그린홀딩스,ST,코스피
009450,경동나비엔,ST,코스피
009460,한창제지,ST,코스피
009470,삼화전기,ST,코스피
009540,HD한국조선해양,ST,코스피
009580,무림P&P,ST,코스피
009680,모토닉,ST,코스피
009770,삼정펄프,ST,코스피
009810,플레이그램,ST,코스피
009830,한화솔루션,ST,코스피
009835,한화솔루션우,ST,코스피
009900,명신산업,ST,코스피
009970,영원무역홀딩스,ST,코스피
010040,한국내화,ST,코스피
010060,OCI홀딩스,ST,코스피
010100,한국무브넥스,ST,코스피
010120,LS ELECTRIC,ST,코스피
010130,고려아연,ST,코스피
010140,삼성중공업,ST,코스피
010400,우진아이엔에스,ST,코스피
010420,한솔PNS,ST,코스피
010580,에스엠벡셀,ST,코스피
010600,웰바이오텍,ST,코스피
010620,현대미포조선,ST,코스피
010640,진양폴리,ST,코스피
010660,화천기계,ST,코스피
010690,화신,ST,코스피
010770,평화홀딩스,ST,코스피
010780,아이에스동서,ST,코스피
010820,퍼스텍,ST,코스피
010950,S-Oil,ST,코스피
010955,S-Oil우,ST,코스피
010960,삼호개발,ST,코스피
011000,진원생명과학,ST,코스피
011070,LG이노텍,ST,코스피
011090,에넥스,ST,코스피
011150,CJ씨푸드,ST,코스피
011155,CJ씨푸드1우,ST,코스피
011170,롯데케미칼,ST,코스피
011200,HMM,ST,코스피
011210,현대위아,ST,코스피
011230,삼화전자,ST,코스피
011280,태림포장,ST,코스피
011300,성안,ST,코스피
011330,유니켐,ST,코스피
011390,부산산업,ST,코스피
011420,갤럭시아에스엠,ST,코스피
011500,한농화성,ST,코스피
011690,와이투솔루션,ST,코스피
011700,한신기계,ST,코스피
011760,현대코퍼레이션,ST,코스피
011780,금호석유,ST,코스피
011785,금호석유우,ST,코스피
011790,SKC,ST,코스피
011810,STX,ST,코스피
011930,신성이엔지,ST,코스피
012030,DB,ST,코스피
012160,영흥,ST,코스피
012170,아센디오,ST,코스피
012200,계양전기,ST,코스피
012205,계양전기우,ST,코스피
012280,영화금속,ST,코스피
012320,경동인베스트,ST,코스피
012330,현대모비스,ST,코스피
012450,한화에어로스페이스,ST,코스피
012510,더존비즈온,ST,코스피
012600,청호ICT,ST,코스피
012610,경인양행,ST,코스피
012630,HDC,ST,코스피
012690,모나리자,ST,코스피
012750,에스원,ST,코스피
012800,대창,ST,코스피
013000,세우글로벌,ST,코스피
013360,일성건설,ST,코스피
013520,화승코퍼레이션,ST,코스피
013570,디와이,ST,코스피
013580,계룡건설,ST,코스피
013700,까뮤이앤씨,ST,코스피
013870,지엠비코리아,ST,코스피
013890,지누스,ST,코스피
014130,한익스프레스,ST,코스피
014160,대영포장,ST,코스피
014280,금강공업,ST,코스피
014285,금강공업우,ST,코스피
014440,영보화학,ST,코스피
014530,극동유화,ST,코스피
014580,태경비케이,ST,코스피
014680,한솔케미칼,ST,코스피
014710,사조씨푸드,ST,코스피
014790,HL D&I,ST,코스피
014820,동원시스템즈,ST,코스피
014825,동원시스템즈우,ST,코스피
014830,유니드,ST,코스피
014910,성문전자,ST,코스피
014915,성문전자우,ST,코스피
014990,인디에프,ST,코스피
015020,이스타코,ST,코스피
015230,대창단조,ST,코스피
015260,에이엔피,ST,코스피
015360,예스코홀딩스,ST,코스피
015590,KIB플러그에너지,ST,코스피
015760,한국전력,ST,코스피
015860,일진홀딩스,ST,코스피
015890,태경산업,ST,코스피
016090,대현,ST,코스피
016360,삼성증권,ST,코스피
016380,KG스틸,ST,코스피
016450,한세예스24홀딩스,ST,코스피
016580,환인제약,ST,코스피
016590,신대양제지,ST,코스피
016610,DB금융투자,ST,코스피
016710,대성홀딩스,ST,코스피
016740,두올,ST,코스피
016800,퍼시스,ST,코스피
016880,웅진,ST,코스피
017040,광명전기,ST,코스피
017180,명문제약,ST,코스피
017370,우신시스템,ST,코스피
017390,서울가스,ST,코스피
017550,수산중공업,ST,코스피
017670,SK텔레콤,ST,코스피
017800,현대엘리베이,ST,코스피
017810,풀무원,ST,코스피
017860,DS단석,ST,코스피
017900,광전자,ST,코스피
017940,E1,ST,코스피
017960,한국카본,ST,코스피
018250,애경산업,ST,코스피
018260,삼성에스디에스,ST,코스피
018470,조일알미늄,ST,코스피
018500,동원금속,ST,코스피
018670,SK가스,ST,코스피
018880,한온시스템,ST,코스피
019170,신풍제약,ST,코스피
019175,신풍제약우,ST,코스피
019180,티에이치엔,ST,코스피
019440,세아특수강,ST,코스피
019490,하이트론,ST,코스피
019680,대교,ST,코스피
019685,대교우B,ST,코스피
020000,한섬,ST,코스피
020120,키다리스튜디오,ST,코스피
020150,롯데에너지머티리얼즈,ST,코스피
020560,아시아나항공,ST,코스피
020760,일진디스플,ST,코스피
021050,서원,ST,코스피
021240,코웨이,ST,코스피
021820,세원정공,ST,코스피
022100,포스코DX,ST,코스피
023000,삼원강재,ST,코스피
023150,MH에탄올,ST,코스피
023350,한국종합기술,ST,코스피
023450,동남합성,ST,코스피
023530,롯데쇼핑,ST,코스피
023590,다우기술,ST,코스피
023800,인지컨트롤스,ST,코스피
023810,인팩,ST,코스피
023960,에쓰씨엔지니어링,ST,코스피
024070,WISCOM,ST,코스피
024090,디씨엠,ST,코스피
024110,기업은행,ST,코스피
024720,한국콜마홀딩스,ST,코스피
024890,대원화성,ST,코스피
024900,덕양산업,ST,코스피
025000,KPX케미칼,ST,코스피
025530,SJM홀딩스,ST,코스피
025540,한국단자,ST,코스피
025560,미래산업,ST,코스피
025620,제이준코스메틱,ST,코스피
025750,한솔홈데코,ST,코스피
025820,이구산업,ST,코스피
025860,남해화학,ST,코스피
025890,한국주강,ST,코스피
026890,스틱인베스트먼트,ST,코스피
026940,부국철강,ST,코스피
026960,동서,ST,코스피
027410,BGF,ST,코스피
027740,마니커,ST,코스피
027970,한국제지,ST,코스피
028050,삼성엔지니어링,ST,코스피
028100,동아지질,ST,코스피
028260,삼성물산,ST,코스피
02826K,삼성물산우B,ST,코스피
028670,팬오션,ST,코스피
029460,케이씨,ST,코스피
029530,신도리코,ST,코스피
029780,삼성카드,ST,코스피
030000,제일기획,ST,코스피
030190,NICE평가정보,ST,코스피
030200,KT,ST,코스피
030210,다올투자증권,ST,코스피
030610,교보증권,ST,코스피
030720,동원수산,ST,코스피
030790,비케이탑스,ST,코스피
031430,신세계인터내셔날,ST,코스피
031440,신세계푸드,ST,코스피
031820,콤텍시스템,ST,코스피
032350,롯데관광개발,ST,코스피
032560,황금에스티,ST,코스피
032640,LG유플러스,ST,코스피
032830,삼성생명,ST,코스피
033180,KH 필룩스,ST,코스피
033240,자화전자,ST,코스피
033250,체시스,ST,코스피
033270,유나이티드제약,ST,코스피
033530,세종공업,ST,코스피
033780,KT&G,ST,코스피
033920,무학,ST,코스피
034020,두산에너빌리티,ST,코스피
034120,SBS,ST,코스피
034220,LG디스플레이,ST,코스피
034300,신세계건설,ST,코스피
034310,NICE,ST,코스피
034590,인천도시가스,ST,코스피
034730,SK,ST,코스피
03473K,SK우,ST,코스피
034830,한국토지신탁,ST,코스피
035000,HS애드,ST,코스피
035150,백산,ST,코스피
035250,강원랜드,ST,코스피
035420,NAVER,ST,코스피
035510,신세계 I&C,ST,코스피
035720,카카오,ST,코스피
036420,콘텐트리중앙,ST,코스피
036460,한국가스공사,ST,코스피
036530,SNT홀딩스,ST,코스피
036570,엔씨소프트,ST,코스피
036580,팜스코,ST,코스피
037270,YG PLUS,ST,코스피
037560,LG헬로비전,ST,코스피
037710,광주신세계,ST,코스피
039130,하나투어,ST,코스피
039490,키움증권,ST,코스피
039570,HDC랩스,ST,코스피
041650,상신브레이크,ST,코스피
042660,한화오션,ST,코스피
042670,HD현대인프라코어,ST,코스피
042700,한미반도체,ST,코스피
044380,주연테크,ST,코스피
044450,KSS해운,ST,코스피
044820,코스맥스비티아이,ST,코스피
047040,대우건설,ST,코스피
047050,포스코인터내셔널,ST,코스피
047400,유니온머티리얼,ST,코스피
047810,한국항공우주,ST,코스피
049770,동원F&B,ST,코스피
049800,우진플라임,ST,코스피
051600,한전KPS,ST,코스피
051630,진양화학,ST,코스피
051900,LG생활건강,ST,코스피
051905,LG생활건강우,ST,코스피
051910,LG화학,ST,코스피
051915,LG화학우,ST,코스피
052690,한전기술,ST,코스피
053210,스카이라이프,ST,코스피
053690,한미글로벌,ST,코스피
055490,테이팩스,ST,코스피
055550,신한지주,ST,코스피
057050,현대홈쇼핑,ST,코스피
058430,포스코스틸리온,ST,코스피
058650,세아홀딩스,ST,코스피
058730,다스코,ST,코스피
058850,KTcs,ST,코스피
058860,KTis,ST,코스피
060980,HL홀딩스,ST,코스피
063160,종근당바이오,ST,코스피
064350,현대로템,ST,코스피
064960,SNT모티브,ST,코스피
066570,LG전자,ST,코스피
066575,LG전자우,ST,코스피
066970,엘앤에프,ST,코스피
067830,세이브존I&C,ST,코스피
068270,셀트리온,ST,코스피
068290,삼성출판사,ST,코스피
069260,TKG휴켐스,ST,코스피
069460,대호에이엘,ST,코스피
069500,KODEX 200,EF,코스피
069620,대웅제약,ST,코스피
069640,한세엠케이,ST,코스피
069660,KOSEF 200,EF,코스피
069730,DSR제강,ST,코스피
069960,현대백화점,ST,코스피
070960,용평리조트,ST,코스피
071050,한국금융지주,ST,코스피
071055,한국금융지주우,ST,코스피
071090,하이스틸,ST,코스피
071320,지역난방공사,ST,코스피
071840,롯데하이마트,ST,코스피
071950,코아스,ST,코스피
071970,STX중공업,ST,코스피
072130,유엔젤,ST,코스피
072710,농심홀딩스,ST,코스피
073240,금호타이어,ST,코스피
074610,이엔플러스,ST,코스피
075180,새론오토모티브,ST,코스피
075580,세진중공업,ST,코스피
077500,유니퀘스트,ST,코스피
077970,STX엔진,ST,코스피
078000,텔코웨어,ST,코스피
078520,에이블씨엔씨,ST,코스피
078930,GS,ST,코스피
078935,GS우,ST,코스피
079160,CJ CGV,ST,코스피
079430,현대리바트,ST,코스피
079550,LIG넥스원,ST,코스피
079980,휴비스,ST,코스피
081000,일진다이아,ST,코스피
081660,휠라홀딩스,ST,코스피
082640,동양생명,ST,코스피
082740,HSD엔진,ST,코스피
083420,그린케미칼,ST,코스피
084010,대한제강,ST,코스피
084670,동양고속,ST,코스피
084680,이월드,ST,코스피
084690,대상홀딩스,ST,코스피
084695,대상홀딩스우,ST,코스피
084870,TBH글로벌,ST,코스피
085310,엔케이,ST,코스피
085620,미래에셋생명,ST,코스피
086280,현대글로비스,ST,코스피
086790,하나금융지주,ST,코스피
088260,이리츠코크렙,RT,코스피
088350,한화생명,ST,코스피
088790,진도,ST,코스피
088980,맥쿼리인프라,IF,코스피
089470,HDC현대EP,ST,코스피
089590,제주항공,ST,코스피
089860,롯데렌탈,ST,코스피
090080,평화산업,ST,코스피
090350,노루페인트,ST,코스피
090355,노루페인트우,ST,코스피
090370,메타랩스,ST,코스피
090430,아모레퍼시픽,ST,코스피
090435,아모레퍼시픽우,ST,코스피
090460,비에이치,ST,코스피
091090,세원이앤씨,ST,코스피
091160,KODEX 반도체,EF,코스피
091170,KODEX 은행,EF,코스피
091180,KODEX 자동차,EF,코스피
091220,TIGER 은행,EF,코스피
091230,TIGER 반도체,EF,코스피
091810,티웨이항공,ST,코스피
092200,디아이씨,ST,코스피
092220,KEC,ST,코스피
092230,KPX홀딩스,ST,코스피
092440,기신정기,ST,코스피
092780,동양피스톤,ST,코스피
092790,넥스틸,ST,코스피
093050,LF,ST,코스피
093230,이아이디,ST,코스피
093240,형지엘리트,ST,코스피
093370,후성,ST,코스피
094280,효성ITX,ST,코스피
094800,맵스리얼티1,MF,코스피
095570,AJ네트웍스,ST,코스피
095720,웅진씽크빅,ST,코스피
096760,JW홀딩스,ST,코스피
096770,SK이노베이션,ST,코스피
096775,SK이노베이션우,ST,코스피
097230,HJ중공업,ST,코스피
097520,엠씨넥스,ST,코스피
097950,CJ제일제당,ST,코스피
097955,CJ제일제당 우,ST,코스피
098560,TIGER 방송통신,EF,코스피
099140,KODEX 차이나H,EF,코스피
100090,SK오션플랜트,ST,코스피
100220,비상교육,ST,코스피
100250,진양홀딩스,ST,코스피
100840,SNT에너지,ST,코스피
100910,KOSEF KRX100,EF,코스피
101140,인바이오젠,ST,코스피
101280,KODEX 일본TOPIX100,EF,코스피
101530,해태제과식품,ST,코스피
102110,TIGER 200,EF,코스피
102260,동성케미컬,ST,코스피
102280,쌍방울,ST,코스피
102460,이연제약,ST,코스피
102780,KODEX 삼성그룹,EF,코스피
102960,KODEX 기계장비,EF,코스피
102970,KODEX 증권,EF,코스피
103140,풍산,ST,코스피
103590,일진전기,ST,코스피
104520,KOSEF 블루칩,EF,코스피
104530,KOSEF 고배당,EF,코스피
104700,한국철강,ST,코스피
105010,TIGER 라틴35,EF,코스피
105190,ACE 200,EF,코스피
105560,KB금융,ST,코스피
105630,한세실업,ST,코스피
105780,KBSTAR 5대그룹주,EF,코스피
105840,우진,ST,코스피
107590,미원홀딩스,ST,코스피
108320,LX세미콘,ST,코스피
108450,ACE 삼성그룹섹터가중,EF,코스피
108590,TREX 200,EF,코스피
108670,LX하우시스,ST,코스피
108675,LX하우시스우,ST,코스피
109070,주성코퍼레이션,ST,코스피
111110,호전실업,ST,코스피
111380,동인기연,ST,코스피
111770,영원무역,ST,코스피
112610,씨에스윈드,ST,코스피
114090,GKL,ST,코스피
114100,KBSTAR 국고채3년,EF,코스피
114260,KODEX 국고채3년,EF,코스피
114460,ACE 국고채3년,EF,코스피
114470,KOSEF 국고채3년,EF,코스피
114800,KODEX 인버스,EF,코스피
114820,TIGER 국채3년,EF,코스피
115390,락앤락,ST,코스피
117460,KODEX 에너지화학,EF,코스피
117580,대성에너지,ST,코스피
117680,KODEX 철강,EF,코스피
117690,TIGER 차이나항셍25,EF,코스피
117700,KODEX 건설,EF,코스피
118000,에스메디,ST,코스피
119650,KC코트렐,ST,코스피
120030,조선선재,ST,코스피
120110,코오롱인더,ST,코스피
120115,코오롱인더우,ST,코스피
122090,ARIRANG 코스피50,EF,코스피
122260,KOSEF 통안채1년,EF,코스피
122630,KODEX 레버리지,EF,코스피
122900,아이마켓코리아,ST,코스피
123310,TIGER 인버스,EF,코스피
123320,TIGER 레버리지,EF,코스피
123690,한국화장품,ST,코스피
123700,SJM,ST,코스피
123890,한국자산신탁,ST,코스피
126560,현대퓨처넷,ST,코스피
126720,수산인더스트리,ST,코스피
128820,대성산업,ST,코스피
128940,한미약품,ST,코스피
129260,인터지스,ST,코스피
130660,한전산업,ST,코스피
130680,TIGER 원유선물Enhanced(H),EF,코스피
130730,KOSEF 단기자금,EF,코스피
131890,ACE 삼성그룹동일가중,EF,코스피
132030,KODEX 골드선물(H),EF,코스피
133690,TIGER 미국나스닥100,EF,코스피
133820,화인베스틸,ST,코스피
134380,미원화학,ST,코스피
134790,시디즈,ST,코스피
136340,KBSTAR 중기우량회사채,EF,코스피
136490,선진,ST,코스피
137310,에스디바이오센서,ST,코스피
137610,TIGER 농산물선물Enhanced(H),EF,코스피
138040,메리츠금융지주,ST,코스피
138230,KOSEF 미국달러선물,EF,코스피
138490,코오롱플라스틱,ST,코스피
138520,TIGER 삼성그룹펀더멘털,EF,코스피
138530,TIGER LG그룹+펀더멘털,EF,코스피
138540,TIGER 현대차그룹+펀더멘털,EF,코스피
138910,KODEX 구리선물(H),EF,코스피
138920,KODEX 콩선물(H),EF,코스피
138930,BNK금융지주,ST,코스피
139130,DGB금융지주,ST,코스피
139220,TIGER 200 건설,EF,코스피
139230,TIGER 200 중공업,EF,코스피
139240,TIGER 200 철강소재,EF,코스피
139250,TIGER 200 에너지화학,EF,코스피
139260,TIGER 200 IT,EF,코스피
139270,TIGER 200 금융,EF,코스피
139280,TIGER 경기방어,EF,코스피
139290,TIGER 200 경기소비재,EF,코스피
139310,TIGER 금속선물(H),EF,코스피
139320,TIGER 금은선물(H),EF,코스피
139480,이마트,ST,코스피
139660,KOSEF 미국달러선물인버스,EF,코스피
139990,아주스틸,ST,코스피
140570,KBSTAR 수출주,EF,코스피
140580,KBSTAR 우량업종대표주,EF,코스피
140700,KODEX 보험,EF,코스피
140710,KODEX 운송,EF,코스피
140910,에이리츠,RT,코스피
140950,파워 코스피100,EF,코스피
143210,핸즈코퍼레이션,ST,코스피
143460,ACE 밸류대형,EF,코스피
143850,TIGER 미국S&P500선물(H),EF,코스피
143860,TIGER 헬스케어,EF,코스피
144600,KODEX 은선물(H),EF,코스피
145210,다이나믹디자인,ST,코스피
145270,케이탑리츠,RT,코스피
145670,ACE 인버스,EF,코스피
145720,덴티움,ST,코스피
145850,TREX 펀더멘탈 200,EF,코스피
145990,삼양사,ST,코스피
145995,삼양사우,ST,코스피
147970,TIGER 모멘텀,EF,코스피
148020,KBSTAR 200,EF,코스피
148070,KOSEF 국고채10년,EF,코스피
150460,TIGER 중국소비테마,EF,코스피
152100,ARIRANG 200,EF,코스피
152380,KODEX 국채선물10년,EF,코스피
152500,ACE 레버리지,EF,코스피
152550,한국ANKOR유전,MF,코스피
152870,파워 200,EF,코스피
153130,KODEX 단기채권,EF,코스피
153270,KOSEF 코스피100,EF,코스피
155660,DSR,ST,코스피
156080,KODEX MSCI Korea,EF,코스피
157450,TIGER 단기통안채,EF,코스피
157490,TIGER 소프트웨어,EF,코스피
157500,TIGER 증권,EF,코스피
159800,마이티 코스피100,EF,코스피
160580,TIGER 구리실물,EF,코스피
161000,애경케미칼,ST,코스피
161390,한국타이어앤테크놀로지,ST,코스피
161510,ARIRANG 고배당주,EF,코스피
161890,한국콜마,ST,코스피
163560,동일고무벨트,ST,코스피
166400,TIGER 200커버드콜5%OTM,EF,코스피
167860,KOSEF 국고채10년레버리지,EF,코스피
168490,한국패러랠,MF,코스피
168580,ACE 중국본토CSI300,EF,코스피
169950,KODEX 차이나A50,EF,코스피
170900,동아에스티,ST,코스피
174350,TIGER 로우볼,EF,코스피
174360,KBSTAR 중국본토대형주CSI100,EF,코스피
175330,JB금융지주,ST,코스피
176950,KODEX 국채선물10년인버스,EF,코스피
178920,PI첨단소재,ST,코스피
180640,한진칼,ST,코스피
18064K,한진칼우,ST,코스피
181480,ACE 미국다우존스리츠(합성 H),EF,코스피
181710,NHN,ST,코스피
182480,TIGER 미국MSCI리츠(합성 H),EF,코스피
182490,TIGER 단기선진하이일드(합성 H),EF,코스피
183190,아세아시멘트,ST,코스피
183700,KBSTAR 채권혼합,EF,코스피
183710,KBSTAR 주식혼합,EF,코스피
185680,KODEX 미국S&P바이오(합성),EF,코스피
185750,종근당,ST,코스피
189400,ARIRANG 글로벌MSCI(합성 H),EF,코스피
190620,ACE 단기통안채,EF,코스피
192080,더블유게임즈,ST,코스피
192090,TIGER 차이나CSI300,EF,코스피
192400,쿠쿠홀딩스,ST,코스피
192650,드림텍,ST,코스피
192720,파워 고배당저변동성,EF,코스피
192820,코스맥스,ST,코스피
194370,제이에스코퍼레이션,ST,코스피
195870,해성디에스,ST,코스피
195920,TIGER 일본TOPIX(합성 H),EF,코스피
195930,TIGER 유로스탁스50(합성 H),EF,코스피
195970,ARIRANG 선진국MSCI(합성 H),EF,코스피
195980,ARIRANG 신흥국MSCI(합성 H),EF,코스피
196030,ACE 일본TOPIX레버리지(H),EF,코스피
196230,KBSTAR 단기통안채,EF,코스피
200030,KODEX 미국S&P500산업재(합성),EF,코스피
200250,KOSEF 인도Nifty50(합성),EF,코스피
200880,서연이화,ST,코스피
203780,TIGER 미국나스닥바이오,EF,코스피
204210,스타리츠,RT,코스피
204320,HL만도,ST,코스피
204450,KODEX 차이나H레버리지(H),EF,코스피
204480,TIGER 차이나CSI300레버리지(합성),EF,코스피
205720,ACE 일본TOPIX인버스(합성 H),EF,코스피
207940,삼성바이오로직스,ST,코스피
210540,디와이파워,ST,코스피
210780,TIGER 코스피고배당,EF,코스피
210980,SK디앤디,ST,코스피
211560,TIGER 배당성장,EF,코스피
211900,KODEX 배당성장,EF,코스피
213500,한솔제지,ST,코스피
213610,KODEX 삼성그룹밸류,EF,코스피
213630,ARIRANG 미국다우존스고배당주(합성 H),EF,코스피
214320,이노션,ST,코스피
214330,금호에이치티,ST,코스피
214390,경보제약,ST,코스피
214420,토니모리,ST,코스피
214980,KODEX 단기채권PLUS,EF,코스피
215620,HK S&P코리아로우볼,EF,코스피
217770,TIGER 원유선물인버스(H),EF,코스피
217780,TIGER 차이나CSI300인버스(합성),EF,코스피
218420,KODEX 미국S&P500에너지(합성),EF,코스피
219390,KBSTAR 미국S&P원유생산기업(합성 H),EF,코스피
219480,KODEX 미국S&P500선물(H),EF,코스피
219900,ACE 중국본토CSI300레버리지(합성),EF,코스피
220130,SOL 차이나강소기업CSI500(합성 H),EF,코스피
223190,KODEX 200가치저변동,EF,코스피
225030,TIGER 미국S&P500선물인버스(H),EF,코스피
225040,TIGER 미국S&P500레버리지(합성 H),EF,코스피
225050,TIGER 유로스탁스레버리지(합성 H),EF,코스피
225060,TIGER 이머징마켓MSCI레버리지(합성 H),EF,코스피
225130,ACE 골드선물 레버리지(합성 H),EF,코스피
225800,KOSEF 미국달러선물레버리지,EF,코스피
226320,잇츠한불,ST,코스피
226380,ACE Fn성장소비주도주,EF,코스피
226490,KODEX 코스피,EF,코스피
226980,KODEX 200 중소형,EF,코스피
227540,TIGER 200 헬스케어,EF,코스피
227550,TIGER 200 산업재,EF,코스피
227560,TIGER 200 생활소비재,EF,코스피
227570,TIGER 우량가치,EF,코스피
227830,ARIRANG 코스피,EF,코스피
227840,현대코퍼레이션홀딩스,ST,코스피
228790,TIGER 화장품,EF,코스피
228800,TIGER 여행레저,EF,코스피
228810,TIGER 미디어컨텐츠,EF,코스피
228820,TIGER KTOP30,EF,코스피
229200,KODEX 코스닥150,EF,코스피
229640,LS에코에너지,ST,코스피
229720,KODEX KTOP30,EF,코스피
230480,KOSEF 미국달러선물인버스2X,EF,코스피
232080,TIGER 코스닥150,EF,코스피
233160,TIGER 코스닥150 레버리지,EF,코스피
233740,KODEX 코스닥150레버리지,EF,코스피
234080,JW생명과학,ST,코스피
234310,KBSTAR V&S셀렉트밸류,EF,코스피
236350,TIGER 인도니프티50레버리지(합성),EF,코스피
237350,KODEX 코스피100,EF,코스피
237370,KODEX 배당성장채권혼합,EF,코스피
237440,TIGER 경기방어채권혼합,EF,코스피
238670,ARIRANG 스마트베타Quality채권혼합,EF,코스피
238720,ACE 일본Nikkei225(H),EF,코스피
239660,ARIRANG 우량회사채50 1년,EF,코스피
241180,TIGER 일본니케이225,EF,코스피
241390,KBSTAR V&S셀렉트밸류채권혼합,EF,코스피
241560,두산밥캣,ST,코스피
241590,화승엔터프라이즈,ST,코스피
243880,TIGER 200IT레버리지,EF,코스피
243890,TIGER 200에너지화학레버리지,EF,코스피
244580,KODEX 바이오,EF,코스피
244620,KODEX 모멘텀Plus,EF,코스피
244660,KODEX 퀄리티Plus,EF,코스피
244670,KODEX 밸류Plus,EF,코스피
244920,에이플러스에셋,ST,코스피
245340,TIGER 미국다우존스30,EF,코스피
245350,TIGER 유로스탁스배당30,EF,코스피
245360,TIGER 차이나HSCEI,EF,코스피
245710,ACE 베트남VN30(합성),EF,코스피
248070,솔루엠,ST,코스피
248170,샘표식품,ST,코스피
248270,TIGER S&P글로벌헬스케어(합성),EF,코스피
249420,일동제약,ST,코스피
250730,KBSTAR 차이나HSCEI(H),EF,코스피
250780,TIGER 코스닥150선물인버스,EF,코스피
251270,넷마블,ST,코스피
251340,KODEX 코스닥150선물인버스,EF,코스피
251350,KODEX 선진국MSCI World,EF,코스피
251590,ARIRANG 고배당저변동50,EF,코스피
251600,ARIRANG 고배당주채권혼합,EF,코스피
252000,TIGER 200동일가중,EF,코스피
252400,KBSTAR 200선물레버리지,EF,코스피
252410,KBSTAR 200선물인버스,EF,코스피
252420,KBSTAR 200선물인버스2X,EF,코스피
252650,KODEX 200동일가중,EF,코스피
252670,KODEX 200선물인버스2X,EF,코스피
252710,TIGER 200선물인버스2X,EF,코스피
252720,KBSTAR 모멘텀밸류,EF,코스피
252730,KBSTAR 모멘텀로우볼,EF,코스피
253150,ARIRANG 200선물레버리지,EF,코스피
253160,ARIRANG 200선물인버스2X,EF,코스피
253230,KOSEF 200선물인버스2X,EF,코스피
253240,KOSEF 200선물인버스,EF,코스피
253250,KOSEF 200선물레버리지,EF,코스피
253280,KBSTAR 헬스케어,EF,코스피
253290,KBSTAR 헬스케어채권혼합,EF,코스피
256440,ACE 인도네시아MSCI(합성),EF,코스피
256450,ARIRANG 심천차이넥스트(합성),EF,코스피
256750,KODEX 차이나심천ChiNext(합성),EF,코스피
259960,크래프톤,ST,코스피
261060,TIGER 코스닥150IT,EF,코스피
261070,TIGER 코스닥150바이오테크,EF,코스피
261110,TIGER 미국달러선물레버리지,EF,코스피
261120,TIGER 미국달러선물인버스2X,EF,코스피
261140,TIGER 우선주,EF,코스피
261220,KODEX WTI원유선물(H),EF,코스피
261240,KODEX 미국달러선물,EF,코스피
261250,KODEX 미국달러선물레버리지,EF,코스피
261260,KODEX 미국달러선물인버스2X,EF,코스피
261270,KODEX 미국달러선물인버스,EF,코스피
261920,ACE 필리핀MSCI(합성),EF,코스피
264900,크라운제과,ST,코스피
26490K,크라운제과우,ST,코스피
265690,ACE 러시아MSCI(합성),EF,코스피
266160,KBSTAR 고배당,EF,코스피
266360,KODEX 미디어&엔터테인먼트,EF,코스피
266370,KODEX IT,EF,코스피
266390,KODEX 경기소비재,EF,코스피
266410,KODEX 필수소비재,EF,코스피
266420,KODEX 헬스케어,EF,코스피
266550,ARIRANG 중형주저변동50,EF,코스피
267250,HD현대,ST,코스피
267260,HD현대일렉트릭,ST,코스피
267270,HD현대건설기계,ST,코스피
267290,경동도시가스,ST,코스피
267440,KBSTAR 미국장기국채선물(H),EF,코스피
267450,KBSTAR 미국장기국채선물인버스(H),EF,코스피
267490,KBSTAR 미국장기국채선물레버리지(합성 H),EF,코스피
267500,KBSTAR 미국장기국채선물인버스2X(합성 H),EF,코스피
267770,TIGER 200선물레버리지,EF,코스피
267850,아시아나IDT,ST,코스피
268280,미원에스씨,ST,코스피
269370,TIGER S&P글로벌인프라(합성),EF,코스피
269420,KODEX S&P글로벌인프라(합성),EF,코스피
269530,ARIRANG S&P글로벌인프라,EF,코스피
269540,ARIRANG 미국S&P500(H),EF,코스피
270800,KBSTAR KQ고배당,EF,코스피
270810,KBSTAR 코스닥150,EF,코스피
271050,KODEX WTI원유선물인버스(H),EF,코스피
271060,KODEX 3대농산물선물(H),EF,코스피
271560,오리온,ST,코스피
271940,일진하이솔루스,ST,코스피
271980,제일약품,ST,코스피
272210,한화시스템,ST,코스피
272220,ACE 스마트모멘텀,EF,코스피
272230,ACE 스마트밸류,EF,코스피
272450,진에어,ST,코스피
272550,삼양패키징,ST,코스피
272560,KBSTAR 단기국공채액티브,EF,코스피
272570,KBSTAR 중장기국공채액티브,EF,코스피
272580,TIGER 단기채권액티브,EF,코스피
272910,ACE 중장기국공채액티브,EF,코스피
273130,KODEX 종합채권(AA-이상)액티브,EF,코스피
273140,KODEX 단기변동금리부채권액티브,EF,코스피
275280,KODEX MSCI모멘텀,EF,코스피
275290,KODEX MSCI밸류,EF,코스피
275300,KODEX MSCI퀄리티,EF,코스피
275750,KBSTAR 코스닥150선물인버스,EF,코스피
275980,TIGER 글로벌4차산업혁신기술(합성 H),EF,코스피
276000,TIGER 글로벌자원생산기업(합성 H),EF,코스피
276650,KBSTAR 글로벌4차산업IT(합성 H),EF,코스피
276970,KODEX 미국S&P500배당귀족커버드콜(합성 H),EF,코스피
276990,KODEX 글로벌로봇(합성),EF,코스피
277540,ACE 아시아TOP50S&P,EF,코스피
277630,TIGER 코스피,EF,코스피
277640,TIGER 코스피대형주,EF,코스피
277650,TIGER 코스피중형주,EF,코스피
278240,KBSTAR 코스닥150선물레버리지,EF,코스피
278470,에이피알,ST,코스피
278530,KODEX 200TR,EF,코스피
278540,KODEX MSCI Korea TR,EF,코스피
278620,ARIRANG 단기채권액티브,EF,코스피
279530,KODEX 고배당,EF,코스피
279540,KODEX 최소변동성,EF,코스피
280320,ACE 미국IT인터넷S&P(합성 H),EF,코스피
280360,롯데웰푸드,ST,코스피
280920,ARIRANG 주도업종,EF,코스피
280930,KODEX 미국러셀2000(H),EF,코스피
280940,KODEX 골드선물인버스(H),EF,코스피
281820,케이씨텍,ST,코스피
281990,KBSTAR 중소형고배당,EF,코스피
282000,KBSTAR 국고채3년선물인버스,EF,코스피
282330,BGF리테일,ST,코스피
282690,동아타이어,ST,코스피
283580,KODEX 차이나CSI300,EF,코스피
284430,KODEX 200미국채혼합,EF,코스피
284740,쿠쿠홈시스,ST,코스피
284980,KBSTAR 200금융,EF,코스피
284990,KBSTAR 200에너지화학,EF,코스피
285000,KBSTAR 200IT,EF,코스피
285010,KBSTAR 200중공업,EF,코스피
285020,KBSTAR 200철강소재,EF,코스피
285130,SK케미칼,ST,코스피
28513K,SK케미칼우,ST,코스피
285690,FOCUS ESG리더스,EF,코스피
286940,롯데정보통신,ST,코스피
287180,ARIRANG 미국나스닥테크,EF,코스피
287300,KBSTAR 200건설,EF,코스피
287310,KBSTAR 200경기소비재,EF,코스피
287320,KBSTAR 200산업재,EF,코스피
287330,KBSTAR 200생활소비재,EF,코스피
289040,KODEX MSCI KOREA ESG유니버설,EF,코스피
289250,TIGER MSCI KOREA ESG유니버설,EF,코스피
289260,TIGER MSCI KOREA ESG리더스,EF,코스피
289480,TIGER 200커버드콜ATM,EF,코스피
289670,ARIRANG 국채선물10년,EF,코스피
290080,KBSTAR 200고배당커버드콜ATM,EF,코스피
290130,KBSTAR ESG사회책임투자,EF,코스피
291130,ACE 멕시코MSCI(합성),EF,코스피
291620,KOSEF 코스닥150선물인버스,EF,코스피
291630,KOSEF 코스닥150선물레버리지,EF,코스피
291680,KBSTAR 차이나H선물인버스(H),EF,코스피
291890,KODEX MSCI EM선물(H),EF,코스피
292050,KBSTAR KRX300,EF,코스피
292150,TIGER TOP10,EF,코스피
292160,TIGER KRX300,EF,코스피
292190,KODEX KRX300,EF,코스피
292500,SOL KRX300,EF,코스피
292560,TIGER 일본엔선물,EF,코스피
292730,FOCUS KRX300,EF,코스피
292750,ARIRANG KRX300,EF,코스피
292770,KODEX 국채선물3년인버스,EF,코스피
293180,HANARO 200,EF,코스피
293480,하나제약,ST,코스피
293940,신한알파리츠,RT,코스피
294400,KOSEF 200TR,EF,코스피
294870,HDC현대산업개발,ST,코스피
295000,KBSTAR 국채선물10년,EF,코스피
295020,KBSTAR 국채선물10년인버스,EF,코스피
295040,SOL 200TR,EF,코스피
295820,ARIRANG 200동일가중,EF,코스피
298000,효성화학,ST,코스피
298020,효성티앤씨,ST,코스피
298040,효성중공업,ST,코스피
298050,효성첨단소재,ST,코스피
298340,ARIRANG 국채선물3년,EF,코스피
298690,에어부산,ST,코스피
298770,KODEX 한국대만IT프리미어,EF,코스피
299070,ACE 국채선물10년인버스,EF,코스피
299080,ACE 국채선물3년인버스,EF,코스피
300610,TIGER K게임,EF,코스피
300640,KBSTAR 게임테마,EF,코스피
300720,한일시멘트,ST,코스피
300950,KODEX 게임산업,EF,코스피
301400,ARIRANG 코스닥150,EF,코스피
301410,ARIRANG 코스닥150선물인버스,EF,코스피
302190,TIGER 중장기국채,EF,코스피
302440,SK바이오사이언스,ST,코스피
302450,KBSTAR 코스피,EF,코스피
304660,KODEX 미국채울트라30년선물(H),EF,코스피
304670,KODEX 미국채울트라30년선물인버스(H),EF,코스피
304760,HANARO KRX300,EF,코스피
304770,HANARO 코스닥150,EF,코스피
304780,HANARO 200선물레버리지,EF,코스피
304940,KODEX 미국나스닥100선물(H),EF,코스피
305050,ACE 코스피,EF,코스피
305080,TIGER 미국채10년선물,EF,코스피
305540,TIGER 2차전지테마,EF,코스피
305720,KODEX 2차전지산업,EF,코스피
306200,세아제강,ST,코스피
306520,HANARO 200선물인버스,EF,코스피
306530,HANARO 코스닥150선물레버리지,EF,코스피
306950,KODEX KRX300레버리지,EF,코스피
307010,KBSTAR KRX300레버리지,EF,코스피
307510,TIGER 의료기기,EF,코스피
307520,TIGER 지주회사,EF,코스피
307950,현대오토에버,ST,코스피
308170,씨티알모빌리티,ST,코스피
308620,KODEX 미국채10년선물,EF,코스피
309230,ACE 미국WideMoat가치주,EF,코스피
310080,KBSTAR 중국MSCI China(H),EF,코스피
310960,TIGER 200TR,EF,코스피
310970,TIGER MSCI Korea TR,EF,코스피
314250,KODEX 미국빅테크10(H),EF,코스피
314700,HANARO 농업융복합산업,EF,코스피
315270,TIGER 200커뮤니케이션서비스,EF,코스피
315480,KBSTAR 200커뮤니케이션서비스,EF,코스피
315930,KODEX Top5PlusTR,EF,코스피
315960,KBSTAR 대형고배당10TR,EF,코스피
316140,우리금융지주,ST,코스피
316300,ACE 싱가포르리츠,EF,코스피
316670,KOSEF 코스닥150,EF,코스피
317400,자이에스앤디,ST,코스피
319640,TIGER 골드선물(H),EF,코스피
319870,KBSTAR KRX300미국달러선물혼합,EF,코스피
321410,KODEX 멀티에셋하이인컴(H),EF,코스피
322000,HD현대에너지솔루션,ST,코스피
322120,ACE 스마트퀄리티,EF,코스피
322130,ACE 스마트로우볼,EF,코스피
322150,ACE 스마트하이베타,EF,코스피
322400,HANARO e커머스,EF,코스피
322410,HANARO 고배당,EF,코스피
323410,카카오뱅크,ST,코스피
325010,KODEX Fn성장,EF,코스피
325020,KODEX 배당가치,EF,코스피
326030,SK바이오팜,ST,코스피
326230,KBSTAR 내수주플러스,EF,코스피
326240,KBSTAR IT플러스,EF,코스피
328370,ARIRANG 코스피TR,EF,코스피
329180,HD현대중공업,ST,코스피
329200,TIGER 리츠부동산인프라,EF,코스피
329650,KODEX TRF3070,EF,코스피
329660,KODEX TRF5050,EF,코스피
329670,KODEX TRF7030,EF,코스피
329750,TIGER 미국달러단기채권액티브,EF,코스피
330590,롯데리츠,RT,코스피
331910,KOSEF Fn중소형,EF,코스피
332500,ACE 200TR,EF,코스피
332610,ARIRANG 미국단기우량회사채,EF,코스피
332620,ARIRANG 미국장기우량회사채,EF,코스피
332930,HANARO 200TR,EF,코스피
332940,HANARO MSCI Korea TR,EF,코스피
333940,ARIRANG KS로우볼가중TR,EF,코스피
333950,ARIRANG KS로우사이즈가중TR,EF,코스피
333960,ARIRANG KS모멘텀가중TR,EF,코스피
333970,ARIRANG KS밸류가중TR,EF,코스피
333980,ARIRANG KS퀄리티가중TR,EF,코스피
334690,KBSTAR 팔라듐선물(H),EF,코스피
334700,KBSTAR 팔라듐선물인버스(H),EF,코스피
334890,이지스밸류리츠,RT,코스피
336160,KBSTAR 금융채액티브,EF,코스피
336260,두산퓨얼셀,ST,코스피
33626K,두산퓨얼셀1우,ST,코스피
33626L,두산퓨얼셀2우B,ST,코스피
336370,솔루스첨단소재,ST,코스피
33637K,솔루스첨단소재1우,ST,코스피
33637L,솔루스첨단소재2우B,ST,코스피
337120,KODEX Fn멀티팩터,EF,코스피
337140,KODEX 코스피대형주,EF,코스피
337150,KODEX 200exTOP,EF,코스피
337160,KODEX 200ESG,EF,코스피
338100,NH프라임리츠,RT,코스피
339770,교촌에프앤비,ST,코스피
341850,TIGER 리츠부동산인프라채권TR KIS,EF,코스피
344820,KCC글라스,ST,코스피
346000,HANARO KAP초장기국고채,EF,코스피
348950,제이알글로벌리츠,RT,코스피
350520,이지스레지던스리츠,RT,코스피
352540,KODEX TSE일본리츠(H),EF,코스피
352560,KODEX 다우존스미국리츠(H),EF,코스피
352820,하이브,ST,코스피
353200,대덕전자,ST,코스피
35320K,대덕전자1우,ST,코스피
354240,KBSTAR 미국고정배당우선증권ICE TR,EF,코스피
354350,HANARO 글로벌럭셔리S&P(합성),EF,코스피
354500,ACE 코스닥150,EF,코스피
356540,ACE 종합채권(AA-이상)KIS액티브,EF,코스피
357120,코람코라이프인프라리츠,RT,코스피
357250,미래에셋맵스리츠,RT,코스피
357430,마스턴프리미어리츠,RT,코스피
357870,TIGER CD금리투자KIS(합성),EF,코스피
359210,KODEX 코스피TR,EF,코스피
360140,KODEX 200롱코스닥150숏선물,EF,코스피
360150,KODEX 코스닥150롱코스피200숏선물,EF,코스피
360200,ACE 미국S&P500,EF,코스피
360750,TIGER 미국S&P500,EF,코스피
361580,KBSTAR 200TR,EF,코스피
361610,SK아이이테크놀로지,ST,코스피
363280,티와이홀딩스,ST,코스피
36328K,티와이홀딩스우,ST,코스피
363510,SOL KIS단기통안채,EF,코스피
363570,KODEX 장기종합채권(AA-이상)액티브KAP,EF,코스피
363580,KODEX 200IT TR,EF,코스피
364690,KODEX 혁신기술테마액티브,EF,코스피
364960,TIGER BBIG,EF,코스피
364970,TIGER 바이오TOP10,EF,코스피
364980,TIGER 2차전지TOP10,EF,코스피
364990,TIGER 게임TOP10,EF,코스피
365000,TIGER 인터넷TOP10,EF,코스피
365040,TIGER AI코리아그로스액티브,EF,코스피
365550,ESR켄달스퀘어리츠,RT,코스피
365780,ACE 국고채10년,EF,코스피
367380,ACE 미국나스닥100,EF,코스피
367740,HANARO Fn5G산업,EF,코스피
367760,KBSTAR Fn5G테크,EF,코스피
367770,KBSTAR Fn수소경제테마,EF,코스피
368190,HANARO Fn K-뉴딜디지털플러스,EF,코스피
368200,KBSTAR Fn K-뉴딜디지털플러스,EF,코스피
368590,KBSTAR 미국나스닥100,EF,코스피
368680,KODEX Fn K-뉴딜디지털플러스,EF,코스피
371130,ACE 베트남VN30선물블룸버그레버리지(H),EF,코스피
371150,KBSTAR 차이나항셍테크,EF,코스피
371160,TIGER 차이나항셍테크,EF,코스피
371450,TIGER 글로벌클라우드컴퓨팅INDXX,EF,코스피
371460,TIGER 차이나전기차SOLACTIVE,EF,코스피
371470,TIGER 차이나바이오테크SOLACTIVE,EF,코스피
371870,ACE 차이나항셍테크,EF,코스피
372330,KODEX 차이나항셍테크,EF,코스피
372910,한컴라이프케어,ST,코스피
373220,LG에너지솔루션,ST,코스피
373490,KODEX K-이노베이션액티브,EF,코스피
373530,ARIRANG 신흥국MSCI인버스(합성 H),EF,코스피
373790,KOSEF 미국방어배당성장나스닥,EF,코스피
375270,KBSTAR 글로벌데이터센터리츠나스닥(합성),EF,코스피
375500,DL이앤씨,ST,코스피
37550K,DL이앤씨우,ST,코스피
37550L,DL이앤씨2우(전환),ST,코스피
375760,HANARO 탄소효율그린뉴딜,EF,코스피
375770,KODEX 탄소효율그린뉴딜,EF,코스피
376410,TIGER 탄소효율그린뉴딜,EF,코스피
377190,디앤디플랫폼리츠,RT,코스피
377300,카카오페이,ST,코스피
377740,바이오노트,ST,코스피
377990,TIGER Fn신재생에너지,EF,코스피
378850,화승알앤에이,ST,코스피
379780,KBSTAR 미국S&P500,EF,코스피
379790,KBSTAR 유로스탁스50(H),EF,코스피
379800,KODEX 미국S&P500TR,EF,코스피
379810,KODEX 미국나스닥100TR,EF,코스피
380340,ACE Fn5G플러스,EF,코스피
381170,TIGER 미국테크TOP10 INDXX,EF,코스피
381180,TIGER 미국필라델피아반도체나스닥,EF,코스피
381560,HANARO Fn전기&수소차,EF,코스피
381570,HANARO Fn친환경에너지,EF,코스피
381970,케이카,ST,코스피
383220,F&F,ST,코스피
383800,LX홀딩스,ST,코스피
38380K,LX홀딩스1우,ST,코스피
385510,KODEX K-신재생에너지액티브,EF,코스피
385520,KODEX K-미래차액티브,EF,코스피
385540,KBSTAR 종합채권(A-이상)액티브,EF,코스피
385550,KBSTAR 단기종합채권(AA-이상)액티브,EF,코스피
385560,KBSTAR KIS국고채30년Enhanced,EF,코스피
385590,ACE ESG액티브,EF,코스피
385600,ACE 2차전지&친환경차액티브,EF,코스피
385710,TIMEFOLIO 이노베이션액티브,EF,코스피
385720,TIMEFOLIO Kstock액티브,EF,코스피
387270,TIGER 글로벌BBIG액티브,EF,코스피
387280,TIGER 퓨처모빌리티액티브,EF,코스피
388280,KBSTAR Fn컨택트대표,EF,코스피
388420,KBSTAR 비메모리반도체액티브,EF,코스피
390390,KODEX 미국반도체MV,EF,코스피
390400,KODEX 미국스마트모빌리티S&P,EF,코스피
390950,HANARO 단기채권액티브,EF,코스피
391590,ACE 미국스팩&IPO INDXX,EF,코스피
391600,ACE 미국친환경그린테마INDXX,EF,코스피
391670,HK 베스트일레븐액티브,EF,코스피
391680,HK 하이볼액티브,EF,코스피
394340,KOSEF 글로벌디지털경제,EF,코스피
394350,KOSEF 글로벌퓨처모빌리티,EF,코스피
394660,TIGER 글로벌자율주행&전기차SOLACTIVE,EF,코스피
394670,TIGER 글로벌리튬&2차전지SOLACTIVE(합성),EF,코스피
395150,KODEX Fn웹툰&드라마,EF,코스피
395160,KODEX Fn시스템반도체,EF,코스피
395170,KODEX Fn Top10동일가중,EF,코스피
395270,HANARO Fn K-반도체,EF,코스피
395280,HANARO Fn K-게임,EF,코스피
395290,HANARO Fn K-POP&미디어,EF,코스피
395400,SK리츠,RT,코스피
395750,ARIRANG ESG가치주액티브,EF,코스피
395760,ARIRANG ESG성장주액티브,EF,코스피
396500,TIGER Fn반도체TOP10,EF,코스피
396510,TIGER 차이나클린에너지SOLACTIVE,EF,코스피
396520,TIGER 차이나반도체FACTSET,EF,코스피
396690,미래에셋글로벌리츠,RT,코스피
397410,KBSTAR 국채선물5년추종인버스,EF,코스피
397420,KBSTAR 국채선물5년추종,EF,코스피
399110,SOL 미국S&P500ESG,EF,코스피
399580,KBSTAR 글로벌클린에너지S&P,EF,코스피
400570,KODEX 유럽탄소배출권선물ICE(H),EF,코스피
400580,SOL 유럽탄소배출권선물S&P(H),EF,코스피
400590,SOL 글로벌탄소배출권선물ICE(합성),EF,코스피
400760,NH올원리츠,RT,코스피
400970,TIGER Fn메타버스,EF,코스피
401170,KBSTAR iSelect메타버스,EF,코스피
401470,KODEX K-메타버스액티브,EF,코스피
401590,HANARO 글로벌탄소배출권선물ICE(합성),EF,코스피
402340,SK스퀘어,ST,코스피
402460,HANARO Fn K-메타버스MZ,EF,코스피
402520,FOCUS 혁신기업액티브,EF,코스피
402970,ACE 미국배당다우존스,EF,코스피
403550,쏘카,ST,코스피
403790,마이다스 KoreaStock액티브,EF,코스피
403990,KBSTAR KRX기후변화솔루션,EF,코스피
404120,TIMEFOLIO 탄소중립액티브,EF,코스피
404260,KODEX KRX기후변화솔루션,EF,코스피
404470,HANARO KRX기후변화솔루션,EF,코스피
404540,TIGER KRX기후변화솔루션,EF,코스피
404650,SOL KRX기후변화솔루션,EF,코스피
404990,신한서부티엔디리츠,RT,코스피
407160,MASTER 테크미디어텔레콤액티브,EF,코스피
407170,MASTER 스마트커머스액티브,EF,코스피
407300,HANARO Fn골프테마,EF,코스피
407310,HANARO 200 TOP10,EF,코스피
407820,에셋플러스 코리아플랫폼액티브,EF,코스피
407830,에셋플러스 글로벌플랫폼액티브,EF,코스피
409810,KODEX 미국나스닥100선물인버스(H),EF,코스피
409820,KODEX 미국나스닥100레버리지(합성 H),EF,코스피
410870,TIMEFOLIO K컬처액티브,EF,코스피
411050,ACE 글로벌메타버스테크액티브,EF,코스피
411060,ACE KRX금현물,EF,코스피
411420,KODEX 미국메타버스나스닥액티브,EF,코스피
411540,SOL 200 Top10,EF,코스피
411720,KBSTAR 글로벌메타버스Moorgate,EF,코스피
411860,KOSEF 독일DAX,EF,코스피
412560,TIGER BBIG레버리지,EF,코스피
412570,TIGER 2차전지TOP10레버리지,EF,코스피
412770,TIGER 글로벌메타버스액티브,EF,코스피
413220,SOL 차이나태양광CSI(합성),EF,코스피
413930,WOORI AI ESG액티브,EF,코스피
414270,ACE G2전기차&자율주행액티브,EF,코스피
414780,TIGER 차이나과창판STAR50(합성),EF,코스피
415340,KODEX 차이나과창판STAR50(합성),EF,코스피
415760,SOL 차이나육성산업액티브(합성),EF,코스피
415920,ARIRANG 글로벌희토류전략자원기업MV,EF,코스피
416090,ACE 중국과창판STAR50,EF,코스피
417310,코람코더원리츠,RT,코스피
417450,KBSTAR 글로벌수소경제Indxx,EF,코스피
417630,TIGER KEDI혁신기업ESG30,EF,코스피
418660,TIGER 미국나스닥100레버리지(합성),EF,코스피
418670,TIGER 글로벌사이버보안INDXX,EF,코스피
419170,HANARO 미국메타버스iSelect,EF,코스피
419420,KODEX 미국클린에너지나스닥,EF,코스피
419430,KODEX 차이나2차전지MSCI(합성),EF,코스피
419650,ARIRANG 글로벌수소&차세대연료전지MV,EF,코스피
419890,히어로즈 단기채권ESG액티브,EF,코스피
421320,ARIRANG 우주항공&UAM iSelect,EF,코스피
422260,VITA MZ소비액티브,EF,코스피
422420,KBSTAR 2차전지액티브,EF,코스피
423160,KODEX KOFR금리액티브(합성),EF,코스피
423170,SOL 한국형글로벌반도체액티브,EF,코스피
423920,TIGER 미국필라델피아반도체레버리지(합성),EF,코스피
424460,HANARO 글로벌워터MSCI(합성),EF,코스피
426020,TIMEFOLIO 미국S&P500액티브,EF,코스피
426030,TIMEFOLIO 미국나스닥100액티브,EF,코스피
426150,WOORI 대한민국국고채액티브,EF,코스피
426330,KOSEF 미국ETF산업STOXX,EF,코스피
426410,ARIRANG 미국대체투자Top10MV,EF,코스피
427110,KBSTAR Fn창업투자회사,EF,코스피
427120,KBSTAR Fn플랫폼테마,EF,코스피
428510,KODEX 차이나메타버스액티브,EF,코스피
428560,KODEX 미국ETF산업Top10 Indxx,EF,코스피
429000,TIGER 미국S&P500배당귀족,EF,코스피
429010,TIGER 미국나스닥넥스트100,EF,코스피
429740,ARIRANG K리츠Fn,EF,코스피
429760,ARIRANG 미국S&P500,EF,코스피
429870,히어로즈 리츠이지스액티브,EF,코스피
429980,SOL 한국형글로벌전기차&2차전지액티브,EF,코스피
429990,SOL 한국형글로벌플랫폼&메타버스액티브,EF,코스피
430500,KOSEF 물가채KIS,EF,코스피
432320,KB스타리츠,RT,코스피
432600,KBSTAR 국채선물3년,EF,코스피
432840,HANARO 미국S&P500,EF,코스피
432850,HANARO 글로벌백신치료제MSCI,EF,코스피
433220,에셋플러스 글로벌대장장이액티브,EF,코스피
433250,UNICORN R&D 액티브,EF,코스피
433330,SOL 미국S&P500,EF,코스피
433500,ACE 원자력테마딥서치,EF,코스피
433850,ARIRANG TDF2030액티브,EF,코스피
433860,ARIRANG TDF2040액티브,EF,코스피
433870,ARIRANG TDF2050액티브,EF,코스피
433880,ARIRANG TDF2060액티브,EF,코스피
433970,KODEX TDF2030액티브,EF,코스피
433980,KODEX TDF2040액티브,EF,코스피
434060,KODEX TDF2050액티브,EF,코스피
434730,HANARO 원자력iSelect,EF,코스피
434960,대신343 K200,EF,코스피
435040,ACE 글로벌브랜드TOP10블룸버그,EF,코스피
435420,TIGER 미국나스닥100TR채권혼합Fn,EF,코스피
435530,히어로즈 TDF2030액티브,EF,코스피
435540,히어로즈 TDF2040액티브,EF,코스피
435550,히어로즈 TDF2050액티브,EF,코스피
436140,SOL 종합채권(AA-이상)액티브,EF,코스피
436180,ARIRANG K-유니콘투자기업액티브,EF,코스피
437070,KODEX 아시아달러채권ESG플러스액티브,EF,코스피
437080,KODEX 미국종합채권ESG액티브(H),EF,코스피
437350,KBSTAR 미국단기투자등급회사채액티브,EF,코스피
437370,KBSTAR 글로벌농업경제MV,EF,코스피
437550,히어로즈 글로벌리츠이지스액티브,EF,코스피
438080,ACE 미국S&P500채권혼합액티브,EF,코스피
438100,ACE 미국나스닥100채권혼합액티브,EF,코스피
438210,ARIRANG 글로벌인공지능산업MV,EF,코스피
438320,TIGER 차이나항셍테크레버리지(합성 H),EF,코스피
438330,TIGER 투자등급회사채액티브,EF,코스피
438560,SOL 국고채3년,EF,코스피
438570,SOL 국고채10년,EF,코스피
438740,마이다스 KoreaStock중소형액티브,EF,코스피
438900,HANARO Fn K-푸드,EF,코스피
439860,KODEX ESG종합채권(A-이상)액티브,EF,코스피
439870,KODEX 국고채30년액티브,EF,코스피
440340,TIGER 글로벌멀티에셋TIF액티브,EF,코스피
440640,ACE 단기채권알파액티브,EF,코스피
440650,ACE 미국달러단기채권액티브,EF,코스피
440910,WOORI 미국S&P우주항공&디펜스,EF,코스피
441330,KOSEF 차이나A50커넥트MSCI,EF,코스피
441540,HANARO Fn조선해운,EF,코스피
441640,KODEX 미국배당프리미엄액티브,EF,코스피
441680,TIGER 미국나스닥100커버드콜(합성),EF,코스피
441800,TIMEFOLIO Korea플러스배당액티브,EF,코스피
442090,에셋플러스 코리아대장장이액티브,EF,코스피
442260,마이티 다이나믹퀀트액티브,EF,코스피
442320,KBSTAR 글로벌원자력iSelect,EF,코스피
442550,KBSTAR TDF2030액티브,EF,코스피
442560,KBSTAR TDF2040액티브,EF,코스피
442570,KBSTAR TDF2050액티브,EF,코스피
442580,ARIRANG 글로벌D램반도체iSelect,EF,코스피
444200,SOL KEDI메가테크액티브,EF,코스피
444490,WOORI 미국S&P500,EF,코스피
445150,KODEX K-친환경선박액티브,EF,코스피
445290,KODEX K-로봇액티브,EF,코스피
445690,BNK 주주가치액티브,EF,코스피
445910,TIGER MKF배당귀족,EF,코스피
445930,KOSEF 차이나A50커넥트레버리지MSCI(합성H),EF,코스피
445950,KOSEF 차이나A50커넥트인버스MSCI(합성 H),EF,코스피
446070,유니드비티플러스,ST,코스피
446690,KODEX 아시아반도체공급망exChina액티브,EF,코스피
446700,KBSTAR 배터리 리사이클링iSelect,EF,코스피
446720,SOL 미국배당다우존스,EF,코스피
446770,ACE 글로벌반도체TOP4 Plus SOLACTIVE,EF,코스피
447430,ACE 주주환원가치주액티브,EF,코스피
447620,SOL 미국TOP5채권혼합40 Solactive,EF,코스피
447660,ARIRANG Apple채권혼합Fn,EF,코스피
447770,TIGER 테슬라채권혼합Fn,EF,코스피
447820,TIGER 24-10 회사채(A+이상)액티브,EF,코스피
448100,WOORI 200,EF,코스피
448290,TIGER 미국S&P500TR(H),EF,코스피
448300,TIGER 미국나스닥100TR(H),EF,코스피
448330,KODEX 삼성전자채권혼합Wise,EF,코스피
448490,HANARO 32-10 국고채액티브,EF,코스피
448510,HANARO 글로벌신재생에너지MSCI(합성),EF,코스피
448540,ACE 엔비디아채권혼합블룸버그,EF,코스피
448570,FOCUS AI코리아액티브,EF,코스피
448600,KBSTAR 25-11 회사채(AA-이상)액티브,EF,코스피
448630,KBSTAR 삼성그룹Top3채권혼합블룸버그,EF,코스피
448730,삼성FN리츠,RT,코스피
448880,ACE 24-12 회사채(AA-이상)액티브,EF,코스피
449170,TIGER KOFR금리액티브(합성),EF,코스피
449180,KODEX 미국S&P500(H),EF,코스피
449190,KODEX 미국나스닥100(H),EF,코스피
449450,ARIRANG K방산Fn,EF,코스피
449540,SOL 24-06 국고채액티브,EF,코스피
449580,KBSTAR 미국빅데이터Top3채권혼합iSelect,EF,코스피
449680,TIGER 한중전기차(합성),EF,코스피
449690,TIGER 한중반도체(합성),EF,코스피
449770,KOSEF 미국S&P500,EF,코스피
449780,KOSEF 미국S&P500(H),EF,코스피
450080,에코프로머티,ST,코스피
450120,KOSEF SK그룹대표주,EF,코스피
450140,코오롱모빌리티그룹,ST,코스피
45014K,코오롱모빌리티그룹우,ST,코스피
450180,KODEX 한중전기차(합성),EF,코스피
450190,KODEX 한중반도체(합성),EF,코스피
450910,SOL 코스닥150,EF,코스피
451000,ARIRANG 종합채권(AA-이상)액티브,EF,코스피
451060,KTOP K200액티브,EF,코스피
451150,에셋플러스 글로벌영에이지액티브,EF,코스피
451530,TIGER 국고채30년스트립액티브,EF,코스피
451540,TIGER 종합채권(AA-이상)액티브,EF,코스피
451600,ARIRANG 국고채30년액티브,EF,코스피
451670,KBSTAR 국채30년레버리지KAP(합성),EF,코스피
451800,한화리츠,RT,코스피
452250,ACE 미국30년국채선물레버리지(합성 H),EF,코스피
452260,한화갤러리아,ST,코스피
45226K,한화갤러리아우,ST,코스피
452360,SOL 미국배당다우존스(H),EF,코스피
452440,VITA 밸류알파액티브,EF,코스피
453010,ARIRANG KOFR금리,EF,코스피
453060,HANARO KOFR금리액티브(합성),EF,코스피
453080,KOSEF 미국나스닥100(H),EF,코스피
453330,KBSTAR 미국S&P500(H),EF,코스피
453340,현대그린푸드,ST,코스피
453530,TIGER 24-04 회사채(A+이상)액티브,EF,코스피
453540,TIGER 25-10 회사채(A+이상)액티브,EF,코스피
453630,KODEX 미국S&P500필수소비재,EF,코스피
453640,KODEX 미국S&P500헬스케어,EF,코스피
453650,KODEX 미국S&P500금융,EF,코스피
453660,KODEX 미국S&P500경기소비재,EF,코스피
453810,KODEX 인도Nifty50,EF,코스피
453820,KODEX 인도Nifty50레버리지(합성),EF,코스피
453850,ACE 미국30년국채액티브(H),EF,코스피
453870,TIGER 인도니프티50,EF,코스피
453950,TIGER TSMC밸류체인FACTSET,EF,코스피
454180,KOSEF 차이나내수소비TOP CSI,EF,코스피
454320,HANARO CAPEX설비투자iSelect,EF,코스피
454780,히어로즈 종합채권(AA-이상)액티브,EF,코스피
454910,두산로보틱스,ST,코스피
455030,KODEX 미국달러SOFR금리액티브(합성),EF,코스피
455660,ACE 미국하이일드액티브(H),EF,코스피
455850,SOL AI반도체소부장,EF,코스피
455860,SOL 2차전지소부장Fn,EF,코스피
455890,KBSTAR 머니마켓액티브,EF,코스피
455960,KBSTAR 미국달러SOFR금리액티브(합성),EF,코스피
456040,OCI,ST,코스피
456100,HANARO 유로존국채25년플러스(합성 H),EF,코스피
456200,ARIRANG 미국달러SOFR금리액티브(합성),EF,코스피
456250,KODEX 유럽명품TOP10 STOXX,EF,코스피
456600,TIMEFOLIO 글로벌AI인공지능액티브,EF,코스피
456610,TIGER 미국달러SOFR금리액티브(합성),EF,코스피
456680,TIGER 차이나전기차레버리지(합성),EF,코스피
456880,ACE 미국달러SOFR금리(합성),EF,코스피
457190,이수스페셜티케미컬,ST,코스피
457480,ACE 테슬라밸류체인액티브,EF,코스피
457690,KODEX 33-06 국고채액티브,EF,코스피
457700,KODEX 53-09 국고채액티브,EF,코스피
457930,BNK 미래전략기술액티브,EF,코스피
457990,ARIRANG 태양광&ESS Fn,EF,코스피
458030,WOORI 단기국공채액티브,EF,코스피
458210,히어로즈 CD금리액티브(합성),EF,코스피
458250,TIGER 미국채30년스트립액티브(합성 H),EF,코스피
458260,TIGER 미국투자등급회사채액티브(H),EF,코스피
458730,TIGER 미국배당다우존스,EF,코스피
458750,TIGER 미국배당+3%프리미엄다우존스,EF,코스피
458760,TIGER 미국배당+7%프리미엄다우존스,EF,코스피
459370,SOL 유럽탄소배출권선물인버스ICE(H),EF,코스피
459560,KODEX 테슬라밸류체인FactSet,EF,코스피
459580,KODEX CD금리액티브(합성),EF,코스피
459750,KBSTAR 글로벌주식분산액티브,EF,코스피
459790,히어로즈 미국성장기업30액티브,EF,코스피
460270,히어로즈 미국달러SOFR금리액티브(합성),EF,코스피
460280,KOSEF Fn유전자혁신기술,EF,코스피
460660,KBSTAR 미국S&P배당킹,EF,코스피
460850,동국씨엠,ST,코스피
460860,동국제강,ST,코스피
460960,ACE 글로벌인컴TOP10 SOLACTIVE,EF,코스피
461260,ACE 25-06 회사채(AA-이상)액티브,EF,코스피
461270,ACE 26-06 회사채(AA-이상)액티브,EF,코스피
461340,HANARO 글로벌생성형AI액티브,EF,코스피
461450,KODEX 코스닥글로벌,EF,코스피
461460,ARIRANG 국고채10년액티브,EF,코스피
461490,KBSTAR 글로벌자산배분액티브,EF,코스피
461500,HANARO 종합채권(AA-이상)액티브,EF,코스피
461580,TIGER 코스닥글로벌,EF,코스피
461600,SOL 미국30년국채액티브(H),EF,코스피
461900,ARIRANG 미국테크10iSelect,EF,코스피
461910,ARIRANG 미국테크10레버리지iSelect(합성),EF,코스피
461950,KODEX 2차전지핵심소재10 Fn,EF,코스피
462010,TIGER 2차전지소재Fn,EF,코스피
462330,KODEX 2차전지산업레버리지,EF,코스피
462340,에셋플러스 글로벌다이나믹시니어액티브,EF,코스피
462520,조선내화,ST,코스피
462540,SOL 25-09 회사채(AA-이상)액티브,EF,코스피
462900,KoAct 바이오헬스케어액티브,EF,코스피
463050,TIMEFOLIO K바이오액티브,EF,코스피
463250,TIGER 스페이스테크iSelect,EF,코스피
463290,KTOP 단기금융채액티브,EF,코스피
463300,KBSTAR 중국본토CSI300,EF,코스피
463640,KODEX 미국S&P500유틸리티,EF,코스피
463680,KODEX 미국S&P500테크놀로지,EF,코스피
463690,KODEX 미국S&P500통신서비스,EF,코스피
464060,HANARO 글로벌반도체TOP10 SOLACTIVE,EF,코스피
464230,히어로즈 24-09 회사채(AA-이상)액티브,EF,코스피
464240,히어로즈 26-09 회사채(AA-이상)액티브,EF,코스피
464310,TIGER 글로벌AI&로보틱스 INDXX,EF,코스피
464470,ARIRANG 미국채30년액티브,EF,코스피
464540,KBSTAR 25-03 회사채(AA-이상)액티브,EF,코스피
464600,SOL 자동차소부장Fn,EF,코스피
464610,SOL 의료기기소부장Fn,EF,코스피
464920,ARIRANG 일본반도체소부장Solactive,EF,코스피
464930,TIGER 글로벌혁신블루칩TOP10,EF,코스피
465330,KBSTAR 2차전지TOP10,EF,코스피
465350,KBSTAR 2차전지TOP10인버스(합성),EF,코스피
465580,ACE 미국빅테크TOP7 Plus,EF,코스피
465610,ACE 미국빅테크TOP7 Plus레버리지(합성),EF,코스피
465620,ACE 미국빅테크TOP7 Plus인버스(합성),EF,코스피
465660,TIGER 일본반도체FACTSET,EF,코스피
465670,TIGER 미국캐시카우100,EF,코스피
465680,KODEX 24-12 은행채(AA+이상)액티브,EF,코스피
465770,STX그린로지스,ST,코스피
465780,마이티 26-09 특수채(AAA)액티브,EF,코스피
466400,KTOP 25-08 회사채(A+이상)액티브,EF,코스피
466810,BNK 2차전지양극재,EF,코스피
466920,SOL 조선TOP3플러스,EF,코스피
466930,SOL 자동차TOP3플러스,EF,코스피
466940,TIGER 은행고배당플러스TOP10,EF,코스피
466950,TIGER 글로벌AI액티브,EF,코스피
467540,KOSEF 코스닥글로벌,EF,코스피
467620,히어로즈 25-09 미국채권(AA-이상)액티브,EF,코스피
467940,KODEX 25-11 회사채(A+이상)액티브,EF,코스피
468370,KODEX iShares미국인플레이션국채액티브,EF,코스피
468380,KODEX iShares미국하이일드액티브,EF,코스피
468630,KODEX iShares미국투자등급회사채액티브,EF,코스피
468820,WOORI 25-09 회사채(AA-이상)액티브,EF,코스피
469050,KBSTAR 미국반도체NYSE(H),EF,코스피
469060,KBSTAR 미국반도체NYSE,EF,코스피
469070,KBSTAR AI&로봇,EF,코스피
469150,ACE AI반도체포커스,EF,코스피
469160,ACE 일본반도체,EF,코스피
469170,ACE 포스코그룹포커스,EF,코스피
469530,KBSTAR 미국달러선물인버스,EF,코스피
469580,KBSTAR KP달러채권액티브,EF,코스피
469790,KOSEF K-테크TOP10,EF,코스피
469820,SOL 24-12 회사채(AA-이상)액티브,EF,코스피
469830,SOL 초단기채권액티브,EF,코스피
470260,TIGER 24-12 금융채(AA-이상),EF,코스피
470310,UNICORN 생성형AI강소기업액티브,EF,코스피
470320,BNK 24-11 회사채(AA-이상)액티브,EF,코스피
471040,KoAct 글로벌AI&로봇액티브,EF,코스피
471230,KODEX 국고채10년액티브,EF,코스피
471290,HANARO CD금리액티브(합성),EF,코스피
471460,히어로즈 국고채30년액티브,EF,코스피
471760,TIGER AI반도체핵심공정,EF,코스피
471780,TIGER 코리아테크액티브,EF,코스피
471990,KODEX AI반도체핵심장비,EF,코스피
472150,TIGER 배당프리미엄액티브,EF,코스피
472160,TIGER 미국테크TOP10 INDXX(H),EF,코스피
472170,TIGER 미국테크TOP10채권혼합,EF,코스피
472350,KTOP 차이나H(H),EF,코스피
472490,HANARO 미국애그테크,EF,코스피
472720,TRUSTON 주주가치액티브,EF,코스피
472830,KBSTAR 미국채30년커버드콜(합성),EF,코스피
472840,ITF 200,EF,코스피
472870,KBSTAR 미국채30년엔화노출(합성 H),EF,코스피
472920,HK 종합채권(AA-이상)액티브,EF,코스피
473290,KODEX 26-12 회사채(AA-이상)액티브,EF,코스피
473330,SOL 미국30년국채커버드콜(합성),EF,코스피
473380,HANARO K-메디테크,EF,코스피
473440,ACE 11월만기자동연장회사채AA-이상액티브,EF,코스피
473460,KODEX 미국서학개미,EF,코스피
473490,KOSEF 글로벌AI반도체,EF,코스피
473500,KOSEF 글로벌전력반도체,EF,코스피
473590,ACE 미국주식베스트셀러,EF,코스피
473640,HANARO 글로벌금채굴기업,EF,코스피
474220,TIGER 미국테크TOP10+10%프리미엄,EF,코스피
474390,SOL 국고채30년액티브,EF,코스피
474590,WOORI 반도체밸류체인액티브,EF,코스피
474800,KOSEF 미국원유에너지기업,EF,코스피
474920,에셋플러스 차이나일등기업포커스10액티브,EF,코스피
475050,ACE KPOP포커스,EF,코스피
475070,KoAct 글로벌기후테크인프라액티브,EF,코스피
475080,KODEX 테슬라인컴프리미엄채권혼합액티브,EF,코스피
475260,ACE 2월만기자동연장회사채AA-이상액티브,EF,코스피
475270,ACE 5월만기자동연장회사채AA-이상액티브,EF,코스피
475280,ACE 8월만기자동연장회사채AA-이상액티브,EF,코스피
475300,SOL 반도체전공정,EF,코스피
475310,SOL 반도체후공정,EF,코스피
475350,KBSTAR 버크셔포트폴리오TOP10,EF,코스피
475380,KBSTAR 글로벌리얼티인컴,EF,코스피
475630,TIGER 1년은행양도성예금증서액티브(합성),EF,코스피
476000,UNICORN 포스트IPO액티브,EF,코스피
476070,KODEX 글로벌비만치료제TOP2 Plus,EF,코스피
476260,HANARO 반도체핵심공정주도주,EF,코스피
476310,KBSTAR 글로벌비만산업TOP2+,EF,코스피
476450,히어로즈 머니마켓액티브,EF,코스피
476550,TIGER 미국30년국채프리미엄액티브(H),EF,코스피
476690,TIGER 글로벌비만치료제TOP2Plus,EF,코스피
476850,KoAct 배당성장액티브,EF,코스피
950210,프레스티지바이오파마,DR,코스피
J0014401E,대한전선 57R,SR,코스피
J0036221D,KG모빌리티 122WR,SW,코스피
J0051121C,한창 66WR,SW,코스피
J00532219,국동 9WR,SW,코스피
J0110821B,형지I&C 6WR,SW,코스피
J0113321D,유니켐 38WR,SW,코스피
J0180021D,유니슨 15WR,SW,코스피
J01957229,리더스 기술투자 9WR,SW,코스피
J0342201E,LG디스플레이 6R,SR,코스피
J04963229,재영솔루텍 11WR,SW,코스피
J0543021A,팬스타엔터프라이즈 22WR,SW,코스피
J0673921C,아스트 11WR,SW,코스피
J0676321C,에이치엘비생명과학 9WR,SW,코스피
J0807221D,한국유니온제약 3WR,SW,코스피
J1055521A,트루윈 11WR,SW,코스피
J1099621D,에이프로젠 H&G 6WR,SW,코스피
J1432121D,핸즈코퍼레이션 2WR,SW,코스피
J2456221D,이원다이애그노믹스 10WR,SW,코스피
J2552221D,SG 17WR,SW,코스피
J2901221D,DH오토리드 9WR,SW,코스피
J3232321D,엠에프엠코리아 7WR,SW,코스피
Q500055,신한 인버스 Russell 2000 ETN,EN,코스피
Q500056,신한 레버리지 Russell 2000 ETN,EN,코스피
Q500057,신한 인버스 2X Russell 2000 ETN,EN,코스피
Q500061,신한 인버스 코스피 200 선물 ETN,EN,코스피
Q500063,신한 인버스 코스닥 150 선물 ETN,EN,코스피
Q500065,신한 블룸버그 레버리지 WTI원유 선물 ETN,EN,코스피
Q500066,신한 블룸버그 인버스 2X WTI원유 선물 ETN,EN,코스피
Q500067,신한 레버리지 10년 국채선물 ETN,EN,코스피
Q500068,신한 인버스 2X 10년 국채선물 ETN,EN,코스피
Q500069,신한 레버리지 코스피 200 선물 ETN,EN,코스피
Q500070,신한 인버스 2X 코스피 200 선물 ETN,EN,코스피
Q500071,신한 레버리지 코스닥 150 선물 ETN,EN,코스피
Q500072,신한 인버스 2X 코스닥 150 선물 ETN,EN,코스피
Q500074,신한 블룸버그 -2X 천연가스 선물 ETN(H),EN,코스피
Q500076,신한 S&P500 VIX S/T 선물 ETN D,EN,코스피
Q500077,신한 인버스0.5X S&P500 VIX S/T선물 ETN,EN,코스피
Q500078,신한 S&P 유로 선물 ETN(H),EN,코스피
Q500079,신한 S&P 인버스 유로 선물 ETN(H),EN,코스피
Q500080,신한 S&P 레버리지 유로 선물 ETN(H),EN,코스피
Q500081,신한 S&P 인버스 2X 유로 선물 ETN(H),EN,코스피
Q500082,신한 블룸버그 2X 천연가스 선물 ETN,EN,코스피
Q500083,신한 KOFR금리 ETN,EN,코스피
Q500084,신한 미국달러 SOFR금리 플러스 ETN,EN,코스피
Q500085,신한 코스피 200 TR ETN,EN,코스피
Q500086,신한 코스닥 150 TR ETN,EN,코스피
Q500007,신한 인버스 은 선물 ETN(H),EN,코스피
Q500001,신한 K200 USD 선물 바이셀 ETN,EN,코스피
Q500002,신한 USD K200 선물 바이셀 ETN,EN,코스피
Q500035,신한 레버리지 미국달러 선물 ETN,EN,코스피
Q500036,신한 인버스 2X 미국달러 선물 ETN,EN,코스피
Q500020,신한 레버리지 다우존스지수 선물 ETN(H),EN,코스피
Q500028,신한 인버스 2X 다우존스지수 선물 ETN(H),EN,코스피
Q500050,신한 레버리지 S&P500 선물 ETN,EN,코스피
Q500051,신한 인버스 2X S&P500 선물 ETN,EN,코스피
Q500003,신한 인버스 WTI원유 선물 ETN(H),EN,코스피
Q500004,신한 브렌트원유 선물 ETN(H),EN,코스피
Q500005,신한 인버스 브렌트원유 선물 ETN(H),EN,코스피
Q500006,신한 인버스 금 선물 ETN(H),EN,코스피
Q500008,신한 인버스 구리 선물 ETN(H),EN,코스피
Q500009,신한 다우존스지수 선물 ETN(H),EN,코스피
Q500010,신한 인버스 다우존스지수 선물 ETN(H),EN,코스피
Q500011,신한 달러인덱스 선물 ETN(H),EN,코스피
Q500012,신한 인버스 달러인덱스 선물 ETN(H),EN,코스피
Q500013,신한 옥수수 선물 ETN(H),EN,코스피
Q500014,신한 인버스 옥수수 선물 ETN(H),EN,코스피
Q500015,신한 WTI원유 선물 ETN(H),EN,코스피
Q500016,신한 금 선물 ETN(H),EN,코스피
Q500017,신한 은 선물 ETN(H),EN,코스피
Q500018,신한 구리 선물 ETN(H),EN,코스피
Q500019,신한 레버리지 WTI원유 선물 ETN(H),EN,코스피
Q500023,신한 콩 선물 ETN(H),EN,코스피
Q500024,신한 인버스 콩 선물 ETN(H),EN,코스피
Q500027,신한 인버스 2X WTI원유 선물 ETN(H),EN,코스피
Q500029,신한 레버리지 은 선물 ETN(H),EN,코스피
Q500030,신한 인버스 2X 은 선물 ETN(H),EN,코스피
Q500037,신한 레버리지 금 선물 ETN,EN,코스피
Q500038,신한 인버스 2X 금 선물 ETN,EN,코스피
Q500040,신한 레버리지 구리 선물 ETN,EN,코스피
Q500041,신한 인버스 2X 구리 선물 ETN,EN,코스피
Q510015,대신 밀 선물 ETN(H),EN,코스피
Q510016,대신 천연가스 선물 ETN(H),EN,코스피
Q510017,대신 2X 철광석 선물 ETN(H),EN,코스피
Q510019,대신 인버스 천연가스 선물 ETN(H),EN,코스피
Q510022,대신 S&P WTI원유 선물 ETN,EN,코스피
Q510025,대신 S&P500 VIX S/T 선물 ETN,EN,코스피
Q510026,대신 레버리지 코스닥 150 선물 ETN,EN,코스피
Q510027,대신 인버스 2X 코스닥 150 선물 ETN,EN,코스피
Q510029,대신 S&P 인버스 2X 천연가스 선물 ETN,EN,코스피
Q510033,대신 국채10년 ETN,EN,코스피
Q510034,대신 인버스 국채10년 ETN,EN,코스피
Q510035,대신 3X 레버리지 국채10년 ETN,EN,코스피
Q510036,대신 인버스 3X 국채10년 ETN,EN,코스피
Q510037,대신 S&P 2X 천연가스 선물 ETN B,EN,코스피
Q510038,대신 인버스 2X 철광석 선물 ETN(H),EN,코스피
Q510039,대신 3X 레버리지 국채30년 ETN,EN,코스피
Q510040,대신 인버스 3X 국채30년 ETN,EN,코스피
Q520037,미래에셋 코스피200 선물 ETN,EN,코스피
Q520038,미래에셋 인버스 코스피200 선물 ETN,EN,코스피
Q520039,미래에셋 코스닥150 선물 ETN,EN,코스피
Q520040,미래에셋 인버스 코스닥150 선물 ETN,EN,코스피
Q520043,미래에셋 S&P 유럽탄소배출권 선물 ETN,EN,코스피
Q520046,미래에셋 레버리지 옥수수 선물 ETN,EN,코스피
Q520047,미래에셋 인버스 2X 옥수수 선물 ETN,EN,코스피
Q520050,미래에셋 인버스 2X 원유선물혼합 ETN(H),EN,코스피
Q520052,미래에셋 천연가스 선물 ETN(H),EN,코스피
Q520053,미래에셋 인버스 천연가스 선물 ETN(H),EN,코스피
Q520054,미래에셋 레버리지 코스피200 선물 ETN,EN,코스피
Q520055,미래에셋 인버스 2X 코스피200 선물 ETN,EN,코스피
Q520056,미래에셋 레버리지 코스닥150 선물 ETN,EN,코스피
Q520057,미래에셋 인버스 2X 코스닥150 선물 ETN,EN,코스피
Q520060,미래에셋 FnGuide 부산엑스포 추가수익 ETN,EN,코스피
Q520061,미래에셋 인도네시아 Top5 ETN,EN,코스피
Q520062,미래에셋 인도네시아 금속&에너지 Top5 ETN,EN,코스피
Q520063,미래에셋 -0.5X S&P500 VIX S/T선물 ETN(H),EN,코스피
Q520064,미래에셋 2X 미국채울트라30년 선물 ETN,EN,코스피
Q520065,미래에셋 -2X 미국채울트라30년 선물 ETN,EN,코스피
Q520066,미래에셋 KRX금현물 Auto-KO-C 2810-01 ETN,EN,코스피
Q520067,미래에셋 홍콩H 선물 ETN(H),EN,코스피
Q520068,미래에셋 2X 홍콩H 선물 ETN,EN,코스피
Q520069,미래에셋 -2X 홍콩H 선물 ETN(H),EN,코스피
Q520070,미래에셋 0.5X 코스피200 선물 ETN,EN,코스피
Q520071,미래에셋 0.5X 코스닥150 선물 ETN,EN,코스피
Q520026,미래에셋 코스피 양매도 5% OTM ETN,EN,코스피
Q520009,미래에셋 레버리지 원유선물혼합 ETN(H),EN,코스피
Q520010,미래에셋 원유선물혼합 ETN(H),EN,코스피
Q520011,미래에셋 인버스 원유선물혼합 ETN(H),EN,코스피
Q530073,삼성 HSCEI ETN(H),EN,코스피
Q530074,삼성 인버스 HSCEI ETN(H),EN,코스피
Q530075,삼성 레버리지 HSCEI ETN(H),EN,코스피
Q530076,삼성 인버스 2X HSCEI ETN(H),EN,코스피
Q530077,삼성 나스닥 100 ETN(H),EN,코스피
Q530078,삼성 인버스 나스닥 100 ETN(H),EN,코스피
Q530079,삼성 항셍테크 ETN(H),EN,코스피
Q530080,삼성 인버스 항셍테크 ETN(H),EN,코스피
Q530082,삼성 인버스 2X 항셍테크 ETN(H),EN,코스피
Q530083,삼성 금 선물 ETN(H),EN,코스피
Q530084,삼성 인버스 금 선물 ETN(H),EN,코스피
Q530088,삼성 레버리지 KRX 2차전지 K-뉴딜 ETN,EN,코스피
Q530089,삼성 은 선물 ETN(H),EN,코스피
Q530090,삼성 인버스 은 선물 ETN(H),EN,코스피
Q530092,삼성 인버스 코스피 200 선물 ETN,EN,코스피
Q530094,삼성 인버스 코스닥 150 선물 ETN,EN,코스피
Q530095,삼성 구리 선물 ETN(H),EN,코스피
Q530096,삼성 인버스 구리 선물 ETN(H),EN,코스피
Q530098,삼성 블룸버그 WTI원유 선물 ETN,EN,코스피
Q530099,삼성 블룸버그 레버리지 WTI원유 선물 ETN,EN,코스피
Q530100,삼성 블룸버그 인버스 2X WTI원유 선물 ETN,EN,코스피
Q530102,삼성 인버스 2X 천연가스 선물 ETN C,EN,코스피
Q530104,삼성 레버리지 코스피200 선물 ETN,EN,코스피
Q530105,삼성 인버스 2X 코스피200 선물 ETN,EN,코스피
Q530106,삼성 레버리지 코스닥150 선물 ETN,EN,코스피
Q530107,삼성 인버스 2X 코스닥150 선물 ETN,EN,코스피
Q530109,삼성 S&P500 VIX S/T 선물 ETN,EN,코스피
Q530110,삼성 인버스 0.5X S&P500 VIX S/T선물 ETN,EN,코스피
Q530111,삼성 레버리지 천연가스 선물 ETN C,EN,코스피
Q530112,삼성 S&P500 ETN,EN,코스피
Q530113,삼성 레버리지 S&P500 선물 ETN,EN,코스피
Q530114,삼성 인버스 2X S&P500 선물 ETN,EN,코스피
Q530115,삼성 레버리지 나스닥 100 ETN,EN,코스피
Q530116,삼성 인버스 2X 나스닥 100 ETN,EN,코스피
Q530117,삼성 코스피 200 TR ETN,EN,코스피
Q530118,삼성 코스닥 150 TR ETN,EN,코스피
Q530067,삼성 KRX 금현물 ETN,EN,코스피
Q530060,삼성 코스피 양매도 5% OTM ETN,EN,코스피
Q530015,삼성 미국 대형 성장주 ETN(H),EN,코스피
Q530016,삼성 미국 대형 가치주 ETN(H),EN,코스피
Q530019,삼성 미국 대형 성장주 ETN,EN,코스피
Q530020,삼성 미국 대형 가치주 ETN,EN,코스피
Q530031,삼성 레버리지 WTI원유 선물 ETN,EN,코스피
Q530036,삼성 인버스 2X WTI원유 선물 ETN,EN,코스피
Q530055,삼성 레버리지 금 선물 ETN(H),EN,코스피
Q530056,삼성 인버스 2X 금 선물 ETN(H),EN,코스피
Q530061,삼성 레버리지 은 선물 ETN(H),EN,코스피
Q530062,삼성 인버스 2X 은 선물 ETN(H),EN,코스피
Q530063,삼성 레버리지 구리 선물 ETN(H),EN,코스피
Q530064,삼성 인버스 2X 구리 선물 ETN(H),EN,코스피
Q530002,삼성 인버스 China A50 선물 ETN(H),EN,코스피
Q530014,삼성 China A50 선물 ETN(H),EN,코스피
Q530023,삼성 레버리지 China A50 선물 ETN(H),EN,코스피
Q550059,QV iSelect 글로벌 EMP ETN(H),EN,코스피
Q550061,QV 인버스 미국 IT TOP5 ETN(H),EN,코스피
Q550062,QV 레버리지 금 선물 ETN(H),EN,코스피
Q550063,QV 인버스 레버리지 금 선물 ETN(H),EN,코스피
Q550064,QV 레버리지 은 선물 ETN(H),EN,코스피
Q550065,QV 인버스 레버리지 은 선물 ETN(H),EN,코스피
Q550066,QV S&P500 버퍼10% 9월 ETN,EN,코스피
Q550069,QV 레버리지 구리 선물 ETN(H),EN,코스피
Q550070,QV 인버스 레버리지 구리 선물 ETN(H),EN,코스피
Q550071,QV 블룸버그 2X WTI원유선물 ETN,EN,코스피
Q550072,QV 블룸버그 -2X WTI원유선물 ETN,EN,코스피
Q550073,QV iSelect-WG 그린에너지 ESG ETN,EN,코스피
Q550074,QV 블룸버그 2X 천연가스 선물 ETN(H),EN,코스피
Q550076,QV US 500 월간레버리지 ETN(H),EN,코스피
Q550077,QV S&P500 버퍼10% 3월 ETN(H),EN,코스피
Q550078,QV S&P500 버퍼10% 6월 ETN(H),EN,코스피
Q550079,QV S&P500 버퍼10% 12월 ETN(H),EN,코스피
Q550080,QV US 500 ETN(H),EN,코스피
Q550081,QV S&P500 VIX S/T 선물 ETN D,EN,코스피
Q550082,QV KIS CD금리투자 ETN,EN,코스피
Q550083,QV iSelect 배터리 재활용 Top10 ETN,EN,코스피
Q550084,QV 코스피 200 TR ETN,EN,코스피
Q550085,QV 코스닥 150 TR ETN,EN,코스피
Q550086,QV 미국달러 SOFR금리 플러스 ETN,EN,코스피
Q550057,QV 코스피 변동성 매칭형 양매도 ETN,EN,코스피
Q550041,QV 미국 IT TOP5 ETN(H),EN,코스피
Q550044,QV 레버리지 S&P500 ETN,EN,코스피
Q550045,QV 인버스 레버리지 S&P500 ETN,EN,코스피
Q550043,QV 인버스 레버리지 WTI원유 선물 ETN(H),EN,코스피
Q570047,한투 FTSE100 ETN,EN,코스피
Q570050,한투 S&P500 선물 ETN,EN,코스피
Q570051,한투 나스닥 100 ETN,EN,코스피
Q570052,한투 플래티넘 선물 ETN,EN,코스피
Q570053,한투 인버스 플래티넘 선물 ETN,EN,코스피
Q570054,한투 레버리지 유로스탁스50 ETN(H) B,EN,코스피
Q570055,한투 금 선물 ETN,EN,코스피
Q570056,한투 인버스 금 선물 ETN,EN,코스피
Q570057,한투 은 선물 ETN,EN,코스피
Q570058,한투 인버스 은 선물 ETN,EN,코스피
Q570059,한투 레버리지 금 선물 ETN,EN,코스피
Q570060,한투 인버스 2X 금 선물 ETN,EN,코스피
Q570061,한투 레버리지 은 선물 ETN,EN,코스피
Q570062,한투 인버스 2X 은 선물 ETN,EN,코스피
Q570063,한투 베트남 VN30 선물 ETN(H),EN,코스피
Q570064,한투 인버스 베트남 VN30 선물 ETN(H),EN,코스피
Q570065,한투 레버리지 베트남 VN30 선물 ETN(H),EN,코스피
Q570066,한투 인버스 2X 베트남 VN30 선물 ETN(H),EN,코스피
Q570069,한투 레버리지 플래티넘 선물 ETN,EN,코스피
Q570070,한투 인버스 2X 플래티넘 선물 ETN,EN,코스피
Q570071,한투 구리 선물 ETN,EN,코스피
Q570072,한투 레버리지 구리 선물 ETN,EN,코스피
Q570073,한투 인버스 2X 구리 선물 ETN,EN,코스피
Q570074,한투 S&P 유럽탄소배출권 선물 ETN(H),EN,코스피
Q570077,한투 블룸버그 WTI원유 선물 ETN,EN,코스피
Q570078,한투 블룸버그 레버리지 WTI원유 선물 ETN,EN,코스피
Q570079,한투 블룸버그 인버스 2X WTI원유 선물 ETN,EN,코스피
Q570081,한투 레버리지 코스닥150선물 ETN,EN,코스피
Q570082,한투 인버스 2X 코스닥150선물 ETN,EN,코스피
Q570084,한투 블룸버그 인버스 2X 천연가스선물 ETN,EN,코스피
Q570085,한투 블룸버그 인도네시아 대표원자재 ETN,EN,코스피
Q570088,한투 S&P500 VIX S/T 선물 ETN(H),EN,코스피
Q570089,한투 인버스 0.5X S&P500 VIX S/T 선물 ETN,EN,코스피
Q570090,한투 KIS CD금리투자 ETN,EN,코스피
Q570091,한투 인버스 유로스탁스50 ETN(H) C,EN,코스피
Q570092,한투 인버스 2X 유로스탁스50 ETN(H) B,EN,코스피
Q570093,한투 레버리지 천연가스 선물 ETN B,EN,코스피
Q570094,한투 일본 엔선물 ETN C,EN,코스피
Q570095,한투 레버리지 일본 엔선물 ETN C,EN,코스피
Q570096,한투 인버스 2X 일본 엔선물 ETN,EN,코스피
Q570097,한투 S&P 엔달러 선물 ETN(H),EN,코스피
Q570098,한투 S&P 레버리지 엔달러 선물 ETN(H),EN,코스피
Q570099,한투 S&P 인버스 2X 엔달러 선물 ETN(H),EN,코스피
Q570100,한투 일본종합상사TOP5 ETN,EN,코스피
Q570019,한투 코스피 양매도 5% OTM ETN,EN,코스피
Q570029,한투 코스피 양매도 3% OTM ETN,EN,코스피
Q570022,한투 레버리지 S&P500 선물 ETN(H),EN,코스피
Q570023,한투 인버스 2X S&P500 선물 ETN(H),EN,코스피
Q570042,한투 인버스 나스닥 100 ETN,EN,코스피
Q570043,한투 레버리지 나스닥 100 ETN,EN,코스피
Q570044,한투 인버스 2X 나스닥 100 ETN,EN,코스피
Q580014,KB 인버스 2X 나스닥 100 ETN,EN,코스피
Q580015,KB 레버리지 나스닥 100 ETN,EN,코스피
Q580016,KB 레버리지 S&P 500 선물 ETN(H),EN,코스피
Q580017,KB 인버스 2X S&P 500 선물 ETN,EN,코스피
Q580019,KB 인버스 2X 항셍테크 선물 ETN,EN,코스피
Q580020,KB 천연가스 선물 ETN(H),EN,코스피
Q580021,KB 인버스 천연가스 선물 ETN,EN,코스피
Q580022,KB 레버리지 금 선물 ETN(H),EN,코스피
Q580023,KB 인버스 2X 금 선물 ETN(H),EN,코스피
Q580025,KB 레버리지 KRX 2차전지 K-뉴딜 ETN,EN,코스피
Q580026,KB 레버리지 은 선물 ETN(H),EN,코스피
Q580027,KB 인버스 2X 은 선물 ETN(H),EN,코스피
Q580028,KB KOSPI 200 선물 ETN,EN,코스피
Q580029,KB 인버스 KOSPI 200 선물 ETN,EN,코스피
Q580030,KB KOSDAQ 150 선물 ETN,EN,코스피
Q580031,KB 인버스 KOSDAQ150 선물 ETN,EN,코스피
Q580032,KB 레버리지 구리 선물 ETN(H),EN,코스피
Q580033,KB 인버스 2X 구리 선물 ETN(H),EN,코스피
Q580034,KB 레버리지 FANG 플러스 ETN(H),EN,코스피
Q580035,KB S&P 유럽탄소배출권 선물 ETN(H),EN,코스피
Q580036,KB S&P 레버리지 WTI원유 선물 ETN(H),EN,코스피
Q580037,KB S&P 인버스 2X WTI원유 선물 ETN,EN,코스피
Q580039,KB 레버리지 KOSPI 200 선물 ETN,EN,코스피
Q580040,KB 인버스 2X KOSPI 200 선물 ETN,EN,코스피
Q580043,KB 레버리지 KOSDAQ 150 선물 ETN,EN,코스피
Q580044,KB 인버스 2X KOSDAQ 150 선물 ETN,EN,코스피
Q580046,KB 블룸버그 인버스2X 천연가스선물 ETN(H),EN,코스피
Q580047,KB 레버리지 항셍테크 선물 ETN(H) B,EN,코스피
Q580048,KB CSI 300 ETN,EN,코스피
Q580049,KB CSI 500 ETN,EN,코스피
Q580050,KB STAR 50 ETN,EN,코스피
Q580051,KB 레버리지 밀 선물 ETN,EN,코스피
Q580052,KB 인버스 2X 밀 선물 ETN,EN,코스피
Q580053,KB 레버리지 콩 선물 ETN,EN,코스피
Q580054,KB 인버스 2X 콩 선물 ETN,EN,코스피
Q580055,KB 블룸버그 레버리지 천연가스 선물 ETN,EN,코스피
Q580056,KB 일본 로보틱스 TOP 10 ETN,EN,코스피
Q580057,KB 일본 컨슈머 TOP 10 ETN,EN,코스피
Q580010,KB Wise 분할매매 ETN,EN,코스피
Q590018,미래에셋 중국 심천 100 ETN,EN,코스피
Q610001,메리츠 인플레이션 국채 ETN,EN,코스피
Q610002,메리츠 레버리지 인플레이션 국채 ETN,EN,코스피
Q610003,메리츠 미국 인플레이션 국채 ETN(H),EN,코스피
Q610004,메리츠 미국레버리지 인플레이션국채ETN(H),EN,코스피
Q610007,메리츠 국채30년 ETN,EN,코스피
Q610008,메리츠 레버리지 국채30년 ETN,EN,코스피
Q610009,메리츠 인버스 국채30년 ETN,EN,코스피
Q610010,메리츠 인버스 2X 국채30년 ETN,EN,코스피
Q610011,메리츠 금 선물 ETN(H),EN,코스피
Q610012,메리츠 레버리지 금 선물 ETN(H),EN,코스피
Q610013,메리츠 인버스 2X 금 선물 ETN(H),EN,코스피
Q610014,메리츠 은 선물 ETN(H),EN,코스피
Q610015,메리츠 인버스 은 선물 ETN(H),EN,코스피
Q610016,메리츠 레버리지 은 선물 ETN(H),EN,코스피
Q610017,메리츠 인버스 2X 은 선물 ETN(H),EN,코스피
Q610018,메리츠 국채10년 ETN,EN,코스피
Q610019,메리츠 레버리지 국채10년 ETN,EN,코스피
Q610020,메리츠 인버스 국채10년 ETN,EN,코스피
Q610021,메리츠 인버스 2X 국채10년 ETN,EN,코스피
Q610022,메리츠 미국채10년 ETN(H),EN,코스피
Q610023,메리츠 레버리지 미국채10년 ETN(H),EN,코스피
Q610024,메리츠 인버스 미국채10년 ETN(H),EN,코스피
Q610025,메리츠 인버스 2X 미국채10년 ETN(H),EN,코스피
Q610026,메리츠 구리 선물 ETN(H),EN,코스피
Q610027,메리츠 인버스 구리 선물 ETN(H),EN,코스피
Q610028,메리츠 레버리지 구리 선물 ETN(H),EN,코스피
Q610029,메리츠 인버스 2X 구리 선물 ETN(H),EN,코스피
Q610030,메리츠 S&P 유럽탄소배출권 선물 ETN(H),EN,코스피
Q610032,메리츠 CSI 300 ETN,EN,코스피
Q610033,메리츠 STAR 50 ETN,EN,코스피
Q610034,메리츠 대표 농산물 선물 ETN(H),EN,코스피
Q610035,메리츠 레버리지 대표 농산물 선물 ETN(H),EN,코스피
Q610036,메리츠 인버스 2X 대표 농산물 선물 ETN(H),EN,코스피
Q610037,메리츠 미국채30년 ETN(H),EN,코스피
Q610038,메리츠 레버리지 미국채30년 ETN(H),EN,코스피
Q610039,메리츠 인버스 미국채30년 ETN(H),EN,코스피
Q610040,메리츠 인버스 2X 미국채30년 ETN(H),EN,코스피
Q610041,메리츠 블룸버그 레버리지 WTI선물 ETN(H),EN,코스피
Q610042,메리츠 블룸버그 인버스 2X WTI선물 ETN(H),EN,코스피
Q610043,메리츠 천연가스 선물 ETN(H),EN,코스피
Q610044,메리츠 인버스 천연가스 선물 ETN(H),EN,코스피
Q610045,메리츠 국채3년 ETN,EN,코스피
Q610046,메리츠 레버리지 국채3년 ETN,EN,코스피
Q610047,메리츠 인버스 국채3년 ETN,EN,코스피
Q610048,메리츠 인버스 2X 국채3년 ETN,EN,코스피
Q610049,메리츠 국채5년 ETN,EN,코스피
Q610050,메리츠 레버리지 국채5년 ETN,EN,코스피
Q610051,메리츠 인버스 국채5년 ETN,EN,코스피
Q610052,메리츠 인버스 2X 국채5년 ETN,EN,코스피
Q610054,메리츠 블룸버그 -2X 천연가스 선물 ETN(H),EN,코스피
Q610055,메리츠 3X 레버리지 국채3년 ETN,EN,코스피
Q610056,메리츠 인버스 3X 국채3년 ETN,EN,코스피
Q610057,메리츠 3X 레버리지 국채5년 ETN,EN,코스피
Q610058,메리츠 인버스 3X 국채5년 ETN,EN,코스피
Q610059,메리츠 3X 레버리지 국채10년 ETN,EN,코스피
Q610060,메리츠 인버스 3X 국채10년 ETN,EN,코스피
Q610061,메리츠 3X 레버리지 국채30년 ETN,EN,코스피
Q610062,메리츠 인버스 3X 국채30년 ETN,EN,코스피
Q610063,메리츠 KIS CD금리투자 ETN,EN,코스피
Q610064,메리츠 KAP 통안채 6개월 ETN,EN,코스피
Q610065,메리츠 KIS 통안채 1년 ETN,EN,코스피
Q610066,메리츠 KAP 통안채 3개월 ETN,EN,코스피
Q610067,메리츠 블룸버그 2X 천연가스선물 ETN(H) B,EN,코스피
Q610068,메리츠 KAP 일본 엔화 ETN,EN,코스피
Q610069,메리츠 KAP 레버리지 일본 엔화 ETN,EN,코스피
Q610070,메리츠 KAP 인버스 2X 일본 엔화 ETN,EN,코스피
Q610071,메리츠 KAP 중국 위안화 ETN,EN,코스피
Q610072,메리츠 KAP 레버리지 중국 위안화 ETN,EN,코스피
Q610073,메리츠 KAP 인버스 2X 중국 위안화 ETN,EN,코스피
Q700009,하나 레버리지 구리 선물 ETN(H),EN,코스피
Q700011,하나 레버리지 옥수수 선물 ETN(H),EN,코스피
Q700012,하나 인버스 2X 옥수수 선물 ETN(H),EN,코스피
Q700013,하나 레버리지 콩 선물 ETN(H),EN,코스피
Q700014,하나 인버스 2X 콩 선물 ETN(H),EN,코스피
Q700015,하나 S&P 레버리지 WTI원유 선물 ETN,EN,코스피
Q700016,하나 S&P 인버스 2X WTI원유 선물 ETN,EN,코스피
Q700017,하나 레버리지 코스닥150 선물 ETN,EN,코스피
Q700018,하나 인버스 2X 코스닥150 선물 ETN,EN,코스피
Q700020,하나 블룸버그 -2X 천연가스 선물 ETN(H),EN,코스피
Q700022,하나 Solactive US Tech Top 10 ETN(H),EN,코스피
Q700023,하나 Solactive 2X US Tech Top 10 ETN(H),EN,코스피
Q700024,하나 -0.5X S&P500 VIX S/T 선물 ETN(H),EN,코스피
Q700025,하나 블룸버그 2X 천연가스 선물 ETN(H) B,EN,코스피
Q760001,키움 미국달러선물 ETN,EN,코스피
Q760004,키움 인버스 미국달러선물 ETN,EN,코스피
Q760005,키움 INDXX 미국테크탑10 ETN,EN,코스피
Q760006,키움 KPOP ETN,EN,코스피
Q760007,키움 코스피 200 TR ETN,EN,코스피
Q760008,키움 코스닥 150 TR ETN,EN,코스피
900140,엘브이엠씨홀딩스,FS,코스피
900110,이스트아시아홀딩스,FS,코스닥
900270,헝셩그룹,FS,코스닥
900260,로스웰,FS,코스닥
900290,GRT,FS,코스닥
900300,오가닉티코스메틱,FS,코스닥
900310,컬러레이,FS,코스닥
900340,윙입푸드,FS,코스닥
000250,삼천당제약,ST,코스닥
000440,중앙에너비스,ST,코스닥
001000,신라섬유,ST,코스닥
001540,안국약품,ST,코스닥
001810,무림SP,ST,코스닥
001840,이화공영,ST,코스닥
002230,피에스텍,ST,코스닥
002290,삼일기업공사,ST,코스닥
002680,한탑,ST,코스닥
002800,신신제약,ST,코스닥
003100,선광,ST,코스닥
003310,대주산업,ST,코스닥
003380,하림지주,ST,코스닥
003800,에이스침대,ST,코스닥
004590,한국가구,ST,코스닥
004650,창해에탄올,ST,코스닥
004780,대륙제관,ST,코스닥
005160,동국산업,ST,코스닥
005290,동진쎄미켐,ST,코스닥
005670,푸드웰,ST,코스닥
005710,대원산업,ST,코스닥
005860,한일사료,ST,코스닥
005990,매일홀딩스,ST,코스닥
006050,국영지앤엠,ST,코스닥
006140,피제이전자,ST,코스닥
006580,대양제지,ST,코스닥
006620,동구바이오제약,ST,코스닥
006730,서부T&D,ST,코스닥
006910,보성파워텍,ST,코스닥
006920,모헨즈,ST,코스닥
007330,푸른저축은행,ST,코스닥
007370,진양제약,ST,코스닥
007390,네이처셀,ST,코스닥
007530,와이엠,ST,코스닥
007680,대원,ST,코스닥
007720,대명소노시즌,ST,코스닥
007770,한일화학,ST,코스닥
007820,에스엠코어,ST,코스닥
008290,원풍물산,ST,코스닥
008370,원풍,ST,코스닥
008470,부스타,ST,코스닥
008830,대동기어,ST,코스닥
009300,삼아제약,ST,코스닥
009520,포스코엠텍,ST,코스닥
009620,삼보산업,ST,코스닥
009730,코센,ST,코스닥
009780,엠에스씨,ST,코스닥
010170,대한광통신,ST,코스닥
010240,흥국,ST,코스닥
010280,쌍용정보통신,ST,코스닥
010470,오리콤,ST,코스닥
011040,경동제약,ST,코스닥
011080,형지I&C,ST,코스닥
011320,유니크,ST,코스닥
011370,서한,ST,코스닥
011560,세보엠이씨,ST,코스닥
012340,뉴인텍,ST,코스닥
012620,원일특강,ST,코스닥
012700,리드코프,ST,코스닥
012790,신일제약,ST,코스닥
012860,모베이스전자,ST,코스닥
013030,하이록코리아,ST,코스닥
013120,동원개발,ST,코스닥
013310,아진산업,ST,코스닥
013720,CBI,ST,코스닥
013810,스페코,ST,코스닥
013990,아가방컴퍼니,ST,코스닥
014100,메디앙스,ST,코스닥
014190,원익큐브,ST,코스닥
014200,광림,ST,코스닥
014470,부방,ST,코스닥
014570,고려제약,ST,코스닥
014620,성광벤드,ST,코스닥
014940,오리엔탈정공,ST,코스닥
014970,삼륭물산,ST,코스닥
015710,코콤,ST,코스닥
015750,성우하이텍,ST,코스닥
016100,리더스코스메틱,ST,코스닥
016250,SGC이테크건설,ST,코스닥
016600,큐캐피탈,ST,코스닥
016670,디모아,ST,코스닥
016790,카나리아바이오,ST,코스닥
016920,카스,ST,코스닥
017000,신원종합개발,ST,코스닥
017250,인터엠,ST,코스닥
017480,삼현철강,ST,코스닥
017510,세명전기,ST,코스닥
017650,대림제지,ST,코스닥
017890,한국알콜,ST,코스닥
018000,유니슨,ST,코스닥
018120,진로발효,ST,코스닥
018290,브이티,ST,코스닥
018310,삼목에스폼,ST,코스닥
018620,우진비앤지,ST,코스닥
018680,서울제약,ST,코스닥
018700,바른손,ST,코스닥
019010,베뉴지,ST,코스닥
019210,와이지-원,ST,코스닥
019540,일지테크,ST,코스닥
019550,SBI인베스트먼트,ST,코스닥
019570,리더스 기술투자,ST,코스닥
019590,엠벤처투자,ST,코스닥
019660,글로본,ST,코스닥
019770,서연탑메탈,ST,코스닥
019990,에너토크,ST,코스닥
020180,대신정보통신,ST,코스닥
020400,대동금속,ST,코스닥
020710,시공테크,ST,코스닥
021040,대호특수강,ST,코스닥
021045,대호특수강우,ST,코스닥
021080,에이티넘인베스트,ST,코스닥
021320,KCC건설,ST,코스닥
021650,한국큐빅,ST,코스닥
021880,메이슨캐피탈,ST,코스닥
022220,TKG애강,ST,코스닥
023160,태광,ST,코스닥
023410,유진기업,ST,코스닥
023440,제이스코홀딩스,ST,코스닥
023460,CNH,ST,코스닥
023600,삼보판지,ST,코스닥
023760,한국캐피탈,ST,코스닥
023770,플레이위드,ST,코스닥
023790,동일철강,ST,코스닥
023900,풍국주정,ST,코스닥
023910,대한약품,ST,코스닥
024060,흥구석유,ST,코스닥
024120,KB오토시스,ST,코스닥
024740,한일단조,ST,코스닥
024800,유성티엔에스,ST,코스닥
024810,이화전기,ST,코스닥
024830,세원물산,ST,코스닥
024840,KBI메탈,ST,코스닥
024850,HLB이노베이션,ST,코스닥
024880,케이피에프,ST,코스닥
024910,경창산업,ST,코스닥
024940,PN풍년,ST,코스닥
024950,삼천리자전거,ST,코스닥
025320,시노펙스,ST,코스닥
025440,DH오토웨어,ST,코스닥
025550,한국선재,ST,코스닥
025770,한국정보통신,ST,코스닥
025870,신라에스지,ST,코스닥
025880,케이씨피드,ST,코스닥
025900,동화기업,ST,코스닥
025950,동신건설,ST,코스닥
025980,아난티,ST,코스닥
026040,제이에스티나,ST,코스닥
026150,특수건설,ST,코스닥
026910,광진실업,ST,코스닥
027040,서울전자통신,ST,코스닥
027050,코리아나,ST,코스닥
027360,아주IB투자,ST,코스닥
027580,상보,ST,코스닥
027710,팜스토리,ST,코스닥
027830,대성창투,ST,코스닥
028080,휴맥스홀딩스,ST,코스닥
028300,HLB,ST,코스닥
029480,광무,ST,코스닥
029960,코엔텍,ST,코스닥
030350,드래곤플라이,ST,코스닥
030520,한글과컴퓨터,ST,코스닥
030530,원익홀딩스,ST,코스닥
030960,양지사,ST,코스닥
031310,아이즈비전,ST,코스닥
031330,에스에이엠티,ST,코스닥
031510,오스템,ST,코스닥
031860,에스유홀딩스,ST,코스닥
031980,피에스케이홀딩스,ST,코스닥
032080,아즈텍WB,ST,코스닥
032190,다우데이타,ST,코스닥
032280,삼일,ST,코스닥
032300,한국파마,ST,코스닥
032500,케이엠더블유,ST,코스닥
032540,TJ미디어,ST,코스닥
032580,피델릭스,ST,코스닥
032620,유비케어,ST,코스닥
032680,소프트센,ST,코스닥
032685,소프트센우,ST,코스닥
032750,삼진,ST,코스닥
032790,엠젠솔루션,ST,코스닥
032800,판타지오,ST,코스닥
032820,우리기술,ST,코스닥
032850,비트컴퓨터,ST,코스닥
032860,더라미,ST,코스닥
032940,원익,ST,코스닥
032960,동일기연,ST,코스닥
032980,바이온,ST,코스닥
033050,제이엠아이,ST,코스닥
033100,제룡전기,ST,코스닥
033130,디지틀조선,ST,코스닥
033160,엠케이전자,ST,코스닥
033170,시그네틱스,ST,코스닥
033200,모아텍,ST,코스닥
033230,인성정보,ST,코스닥
033290,코웰패션,ST,코스닥
033310,엠투엔,ST,코스닥
033320,제이씨현시스템,ST,코스닥
033340,좋은사람들,ST,코스닥
033500,동성화인텍,ST,코스닥
033540,파라텍,ST,코스닥
033560,블루콤,ST,코스닥
033640,네패스,ST,코스닥
033790,스카이문스테크놀로지,ST,코스닥
033830,티비씨,ST,코스닥
034230,파라다이스,ST,코스닥
034810,해성산업,ST,코스닥
03481K,해성산업1우,ST,코스닥
034940,조아제약,ST,코스닥
034950,한국기업평가,ST,코스닥
035080,그래디언트,ST,코스닥
035200,프럼파스트,ST,코스닥
035290,골드앤에스,ST,코스닥
035460,기산텔레콤,ST,코스닥
035600,KG이니시스,ST,코스닥
035610,솔본,ST,코스닥
035620,바른손이앤에이,ST,코스닥
035760,CJ ENM,ST,코스닥
035810,이지홀딩스,ST,코스닥
035890,서희건설,ST,코스닥
035900,JYP Ent.,ST,코스닥
036000,예림당,ST,코스닥
036010,아비코전자,ST,코스닥
036030,케이티알파,ST,코스닥
036090,위지트,ST,코스닥
036120,SCI평가정보,ST,코스닥
036170,클라우드에어,ST,코스닥
036180,지더블유바이텍,ST,코스닥
036190,금화피에스시,ST,코스닥
036200,유니셈,ST,코스닥
036480,대성미생물,ST,코스닥
036540,SFA반도체,ST,코스닥
036560,영풍정밀,ST,코스닥
036620,감성코퍼레이션,ST,코스닥
036630,세종텔레콤,ST,코스닥
036640,HRS,ST,코스닥
036670,KCI,ST,코스닥
036690,코맥스,ST,코스닥
036710,심텍홀딩스,ST,코스닥
036800,나이스정보통신,ST,코스닥
036810,에프에스티,ST,코스닥
036830,솔브레인홀딩스,ST,코스닥
036890,진성티이씨,ST,코스닥
036930,주성엔지니어링,ST,코스닥
037030,파워넷,ST,코스닥
037070,파세코,ST,코스닥
037230,한국팩키지,ST,코스닥
037330,인지디스플레,ST,코스닥
037350,성도이엔지,ST,코스닥
037370,EG,ST,코스닥
037400,우리엔터프라이즈,ST,코스닥
037440,희림,ST,코스닥
037460,삼지전자,ST,코스닥
037760,쎄니트,ST,코스닥
037950,엘컴텍,ST,코스닥
038010,제일테크노스,ST,코스닥
038060,루멘스,ST,코스닥
038070,서린바이오,ST,코스닥
038110,에코플라스틱,ST,코스닥
038290,마크로젠,ST,코스닥
038340,MIT,ST,코스닥
038390,레드캡투어,ST,코스닥
038460,바이오스마트,ST,코스닥
038500,삼표시멘트,ST,코스닥
038530,케이바이오,ST,코스닥
038540,상상인,ST,코스닥
038620,위즈코프,ST,코스닥
038680,에스넷,ST,코스닥
038870,에코바이오,ST,코스닥
038880,아이에이,ST,코스닥
038950,파인디지털,ST,코스닥
039010,현대에이치티,ST,코스닥
039020,이건홀딩스,ST,코스닥
039030,이오테크닉스,ST,코스닥
039200,오스코텍,ST,코스닥
039240,경남스틸,ST,코스닥
039290,인포뱅크,ST,코스닥
039310,세중,ST,코스닥
039340,한국경제TV,ST,코스닥
039420,케이엘넷,ST,코스닥
039440,에스티아이,ST,코스닥
039560,다산네트웍스,ST,코스닥
039610,화성밸브,ST,코스닥
039740,한국정보공학,ST,코스닥
039830,오로라,ST,코스닥
039840,디오,ST,코스닥
039860,나노엔텍,ST,코스닥
039980,폴라리스AI,ST,코스닥
040160,누리플렉스,ST,코스닥
040300,YTN,ST,코스닥
040350,큐로컴,ST,코스닥
040420,정상제이엘에스,ST,코스닥
040610,SG&G,ST,코스닥
040910,아이씨디,ST,코스닥
041020,폴라리스오피스,ST,코스닥
041190,우리기술투자,ST,코스닥
041440,현대에버다임,ST,코스닥
041460,한국전자인증,ST,코스닥
041510,에스엠,ST,코스닥
041520,이라이콤,ST,코스닥
041590,플래스크,ST,코스닥
041830,인바디,ST,코스닥
041910,에스텍파마,ST,코스닥
041920,메디아나,ST,코스닥
041930,동아화성,ST,코스닥
041960,코미팜,ST,코스닥
042000,카페24,ST,코스닥
042040,케이피엠테크,ST,코스닥
042110,에스씨디,ST,코스닥
042370,비츠로테크,ST,코스닥
042420,네오위즈홀딩스,ST,코스닥
042500,링네트,ST,코스닥
042510,라온시큐어,ST,코스닥
042520,한스바이오메드,ST,코스닥
042600,새로닉스,ST,코스닥
042940,상지카일룸,ST,코스닥
043090,엑서지21,ST,코스닥
043100,솔고바이오,ST,코스닥
043150,바텍,ST,코스닥
043200,파루,ST,코스닥
043220,티에스넥스젠,ST,코스닥
043260,성호전자,ST,코스닥
043340,에쎈테크,ST,코스닥
043360,디지아이,ST,코스닥
043370,피에이치에이,ST,코스닥
043590,웰킵스하이텍,ST,코스닥
043610,지니뮤직,ST,코스닥
043650,국순당,ST,코스닥
043710,서울리거,ST,코스닥
043910,자연과환경,ST,코스닥
044060,조광ILI,ST,코스닥
044180,KD,ST,코스닥
044340,위닉스,ST,코스닥
044480,블레이드 Ent,ST,코스닥
044490,태웅,ST,코스닥
044780,에이치케이,ST,코스닥
044960,이글벳,ST,코스닥
045060,오공,ST,코스닥
045100,한양이엔지,ST,코스닥
045300,성우테크론,ST,코스닥
045340,토탈소프트,ST,코스닥
045390,대아티아이,ST,코스닥
045510,정원엔시스,ST,코스닥
045520,크린앤사이언스,ST,코스닥
045660,에이텍,ST,코스닥
045970,코아시아,ST,코스닥
046070,코다코,ST,코스닥
046120,오르비텍,ST,코스닥
046210,HLB파나진,ST,코스닥
046310,백금T&A,ST,코스닥
046390,삼화네트웍스,ST,코스닥
046440,KG모빌리언스,ST,코스닥
046890,서울반도체,ST,코스닥
046940,우원개발,ST,코스닥
046970,우리로,ST,코스닥
047080,한빛소프트,ST,코스닥
047310,파워로직스,ST,코스닥
047560,이스트소프트,ST,코스닥
047770,코데즈컴바인,ST,코스닥
047820,초록뱀미디어,ST,코스닥
047920,HLB제약,ST,코스닥
048410,현대바이오,ST,코스닥
048430,유라테크,ST,코스닥
048470,대동스틸,ST,코스닥
048530,인트론바이오,ST,코스닥
048550,SM C&C,ST,코스닥
048770,TPC,ST,코스닥
048830,엔피케이,ST,코스닥
048870,시너지이노베이션,ST,코스닥
048910,대원미디어,ST,코스닥
049070,인탑스,ST,코스닥
049080,기가레인,ST,코스닥
049120,파인디앤씨,ST,코스닥
049180,셀루메드,ST,코스닥
049430,코메론,ST,코스닥
049470,SGA,ST,코스닥
049480,오픈베이스,ST,코스닥
049520,유아이엘,ST,코스닥
049550,잉크테크,ST,코스닥
049630,재영솔루텍,ST,코스닥
049720,고려신용정보,ST,코스닥
049830,승일,ST,코스닥
049950,미래컴퍼니,ST,코스닥
049960,쎌바이오텍,ST,코스닥
050090,비케이홀딩스,ST,코스닥
050110,캠시스,ST,코스닥
050120,ES큐브,ST,코스닥
050760,에스폴리텍,ST,코스닥
050860,아세아텍,ST,코스닥
050890,쏠리드,ST,코스닥
050960,수산아이앤티,ST,코스닥
051160,지어소프트,ST,코스닥
051360,토비스,ST,코스닥
051370,인터플렉스,ST,코스닥
051380,피씨디렉트,ST,코스닥
051390,YW,ST,코스닥
051490,나라엠앤디,ST,코스닥
051500,CJ프레시웨이,ST,코스닥
051780,큐로홀딩스,ST,코스닥
051980,중앙첨단소재,ST,코스닥
052020,에스티큐브,ST,코스닥
052220,iMBC,ST,코스닥
052260,현대바이오랜드,ST,코스닥
052300,씨티프라퍼티,ST,코스닥
052330,코텍,ST,코스닥
052400,코나아이,ST,코스닥
052420,오성첨단소재,ST,코스닥
052460,아이크래프트,ST,코스닥
052600,한네트,ST,코스닥
052670,제일바이오,ST,코스닥
052710,아모텍,ST,코스닥
052770,아이톡시,ST,코스닥
052790,액토즈소프트,ST,코스닥
052860,아이앤씨,ST,코스닥
052900,KX하이텍,ST,코스닥
053030,바이넥스,ST,코스닥
053050,지에스이,ST,코스닥
053060,세동,ST,코스닥
053080,케이엔솔,ST,코스닥
053160,프리엠스,ST,코스닥
053260,금강철강,ST,코스닥
053270,구영테크,ST,코스닥
053280,예스24,ST,코스닥
053290,NE능률,ST,코스닥
053300,한국정보인증,ST,코스닥
053350,이니텍,ST,코스닥
053450,세코닉스,ST,코스닥
053580,웹케시,ST,코스닥
053590,한국테크놀로지,ST,코스닥
053610,프로텍,ST,코스닥
053620,태양,ST,코스닥
053700,삼보모터스,ST,코스닥
053800,안랩,ST,코스닥
053950,경남제약,ST,코스닥
053980,오상자이엘,ST,코스닥
054040,한국컴퓨터,ST,코스닥
054050,농우바이오,ST,코스닥
054090,삼진엘앤디,ST,코스닥
054180,메디콕스,ST,코스닥
054210,이랜텍,ST,코스닥
054220,비츠로시스,ST,코스닥
054300,팬스타엔터프라이즈,ST,코스닥
054410,케이피티유,ST,코스닥
054450,텔레칩스,ST,코스닥
054540,삼영엠텍,ST,코스닥
054620,APS,ST,코스닥
054630,에이디칩스,ST,코스닥
054670,대한뉴팜,ST,코스닥
054780,키이스트,ST,코스닥
054800,아이디스홀딩스,ST,코스닥
054920,한컴위드,ST,코스닥
054930,유신,ST,코스닥
054940,엑사이엔씨,ST,코스닥
054950,제이브이엠,ST,코스닥
056080,유진로봇,ST,코스닥
056090,이노시스,ST,코스닥
056190,에스에프에이,ST,코스닥
056360,코위버,ST,코스닥
056700,신화인터텍,ST,코스닥
056730,CNT85,ST,코스닥
057030,YBM넷,ST,코스닥
057540,옴니시스템,ST,코스닥
057680,티사이언티픽,ST,코스닥
057880,피에이치씨,ST,코스닥
058110,멕아이씨에스,ST,코스닥
058220,아리온,ST,코스닥
058400,KNN,ST,코스닥
058450,엔터파트너즈,ST,코스닥
058470,리노공업,ST,코스닥
058530,파나케이아,ST,코스닥
058610,에스피지,ST,코스닥
058630,엠게임,ST,코스닥
058820,CMG제약,ST,코스닥
058970,엠로,ST,코스닥
059090,미코,ST,코스닥
059100,아이컴포넌트,ST,코스닥
059120,아진엑스텍,ST,코스닥
059210,메타바이오메드,ST,코스닥
059270,해성티피씨,ST,코스닥
060150,인선이엔티,ST,코스닥
060230,소니드,ST,코스닥
060240,룽투코리아,ST,코스닥
060250,NHN KCP,ST,코스닥
060260,뉴보텍,ST,코스닥
060280,큐렉소,ST,코스닥
060310,3S,ST,코스닥
060370,LS마린솔루션,ST,코스닥
060380,동양에스텍,ST,코스닥
060480,국일신동,ST,코스닥
060540,에스에이티,ST,코스닥
060560,홈센타홀딩스,ST,코스닥
060570,드림어스컴퍼니,ST,코스닥
060590,씨티씨바이오,ST,코스닥
060720,KH바텍,ST,코스닥
060850,영림원소프트랩,ST,코스닥
060900,DGP,ST,코스닥
061040,알에프텍,ST,코스닥
061250,화일약품,ST,코스닥
061970,LB세미콘,ST,코스닥
062860,티엘아이,ST,코스닥
062970,피피아이,ST,코스닥
063080,컴투스홀딩스,ST,코스닥
063170,서울옥션,ST,코스닥
063440,SM Life Design,ST,코스닥
063570,한국전자금융,ST,코스닥
063760,이엘피,ST,코스닥
064090,웨스트라이즈,ST,코스닥
064240,홈캐스트,ST,코스닥
064260,다날,ST,코스닥
064290,인텍플러스,ST,코스닥
064480,브리지텍,ST,코스닥
064520,테크엘,ST,코스닥
064550,바이오니아,ST,코스닥
064760,티씨케이,ST,코스닥
064800,젬백스링크,ST,코스닥
064820,케이프,ST,코스닥
064850,에프앤가이드,ST,코스닥
065060,지엔코,ST,코스닥
065130,탑엔지니어링,ST,코스닥
065150,대산F&B,ST,코스닥
065170,비엘팜텍,ST,코스닥
065350,신성델타테크,ST,코스닥
065370,위세아이텍,ST,코스닥
065420,에스아이리소스,ST,코스닥
065440,이루온,ST,코스닥
065450,빅텍,ST,코스닥
065500,오리엔트정공,ST,코스닥
065510,휴비츠,ST,코스닥
065530,와이어블,ST,코스닥
065560,녹원씨엔아이,ST,코스닥
065570,삼영이엔씨,ST,코스닥
065650,메디프론,ST,코스닥
065660,안트로젠,ST,코스닥
065680,우주일렉트로,ST,코스닥
065690,파커스,ST,코스닥
065710,서호전기,ST,코스닥
065770,CS,ST,코스닥
065950,웰크론,ST,코스닥
066130,하츠,ST,코스닥
066310,큐에스아이,ST,코스닥
066360,체리부로,ST,코스닥
066410,버킷스튜디오,ST,코스닥
066430,와이오엠,ST,코스닥
066590,우수AMS,ST,코스닥
066620,국보디자인,ST,코스닥
066670,디스플레이텍,ST,코스닥
066700,테라젠이텍스,ST,코스닥
066790,씨씨에스,ST,코스닥
066900,디에이피,ST,코스닥
066910,손오공,ST,코스닥
066980,한성크린텍,ST,코스닥
067000,조이시티,ST,코스닥
067010,이씨에스,ST,코스닥
067080,대화제약,ST,코스닥
067160,아프리카TV,ST,코스닥
067170,오텍,ST,코스닥
067280,멀티캠퍼스,ST,코스닥
067290,JW신약,ST,코스닥
067310,하나마이크론,ST,코스닥
067370,선바이오,ST,코스닥
067390,아스트,ST,코스닥
067570,엔브이에이치코리아,ST,코스닥
067630,HLB생명과학,ST,코스닥
067730,로지시스,ST,코스닥
067770,세진티에스,ST,코스닥
067900,와이엔텍,ST,코스닥
067920,이글루,ST,코스닥
067990,도이치모터스,ST,코스닥
068050,팬엔터테인먼트,ST,코스닥
068100,케이웨더,ST,코스닥
068240,다원시스,ST,코스닥
068330,일신바이오,ST,코스닥
068760,셀트리온제약,ST,코스닥
068790,DMS,ST,코스닥
068930,디지털대성,ST,코스닥
068940,셀피글로벌,ST,코스닥
069080,웹젠,ST,코스닥
069140,누리플랜,ST,코스닥
069330,유아이디,ST,코스닥
069410,엔텔스,ST,코스닥
069510,에스텍,ST,코스닥
069540,라이트론,ST,코스닥
069920,아이에스이커머스,ST,코스닥
070300,엑스큐어,ST,코스닥
070590,한솔인티큐브,ST,코스닥
071200,인피니트헬스케어,ST,코스닥
071280,로체시스템즈,ST,코스닥
071460,위니아,ST,코스닥
071670,에이테크솔루션,ST,코스닥
071850,캐스텍코리아,ST,코스닥
072020,중앙백신,ST,코스닥
072470,우리산업홀딩스,ST,코스닥
072520,제넨바이오,ST,코스닥
072770,율호,ST,코스닥
072870,메가스터디,ST,코스닥
072950,빛샘전자,ST,코스닥
072990,에이치시티,ST,코스닥
073010,케이에스피,ST,코스닥
073110,엘엠에스,ST,코스닥
073190,듀오백,ST,코스닥
073490,이노와이어리스,ST,코스닥
073540,에프알텍,ST,코스닥
073560,우리손에프앤지,ST,코스닥
073570,리튬포어스,ST,코스닥
073640,테라사이언스,ST,코스닥
074430,아미노로직스,ST,코스닥
074600,원익QnC,ST,코스닥
075130,플랜티넷,ST,코스닥
075970,동국알앤에스,ST,코스닥
076080,웰크론한텍,ST,코스닥
076610,해성옵틱스,ST,코스닥
077360,덕산하이메탈,ST,코스닥
078020,이베스트투자증권,ST,코스닥
078070,유비쿼스홀딩스,ST,코스닥
078130,국일제지,ST,코스닥
078140,대봉엘에스,ST,코스닥
078150,HB테크놀러지,ST,코스닥
078160,메디포스트,ST,코스닥
078340,컴투스,ST,코스닥
078350,한양디지텍,ST,코스닥
078590,휴림에이텍,ST,코스닥
078600,대주전자재료,ST,코스닥
078860,아이오케이,ST,코스닥
078890,가온그룹,ST,코스닥
078940,퀀타피아,ST,코스닥
079000,와토스코리아,ST,코스닥
079170,한창산업,ST,코스닥
079190,케스피온,ST,코스닥
079370,제우스,ST,코스닥
079650,서산,ST,코스닥
079810,디이엔티,ST,코스닥
079940,가비아,ST,코스닥
079950,인베니아,ST,코스닥
079960,동양이엔피,ST,코스닥
079970,투비소프트,ST,코스닥
080000,에스엔유,ST,코스닥
080010,이상네트웍스,ST,코스닥
080160,모두투어,ST,코스닥
080220,제주반도체,ST,코스닥
080420,모다이노칩,ST,코스닥
080470,성창오토텍,ST,코스닥
080520,오디텍,ST,코스닥
080530,코디,ST,코스닥
080580,오킨스전자,ST,코스닥
080720,한국유니온제약,ST,코스닥
081150,티플랙스,ST,코스닥
081580,성우전자,ST,코스닥
082210,옵트론텍,ST,코스닥
082270,젬백스,ST,코스닥
082660,코스나인,ST,코스닥
082800,비보존 제약,ST,코스닥
082850,우리바이오,ST,코스닥
082920,비츠로셀,ST,코스닥
083310,엘오티베큠,ST,코스닥
083450,GST,ST,코스닥
083470,이엠앤아이,ST,코스닥
083500,에프엔에스테크,ST,코스닥
083550,케이엠,ST,코스닥
083640,인콘,ST,코스닥
083650,비에이치아이,ST,코스닥
083660,CSA 코스믹,ST,코스닥
083790,CG인바이츠,ST,코스닥
083930,아바코,ST,코스닥
084110,휴온스글로벌,ST,코스닥
084180,수성샐바시온,ST,코스닥
084370,유진테크,ST,코스닥
084440,유비온,ST,코스닥
084650,랩지노믹스,ST,코스닥
084730,팅크웨어,ST,코스닥
084850,아이티엠반도체,ST,코스닥
084990,헬릭스미스,ST,코스닥
085660,차바이오텍,ST,코스닥
085670,뉴프렉스,ST,코스닥
085810,알티캐스트,ST,코스닥
085910,네오티스,ST,코스닥
086040,바이오톡스텍,ST,코스닥
086060,진바이오텍,ST,코스닥
086390,유니테스트,ST,코스닥
086450,동국제약,ST,코스닥
086520,에코프로,ST,코스닥
086670,비엠티,ST,코스닥
086710,선진뷰티사이언스,ST,코스닥
086820,바이오솔루션,ST,코스닥
086890,이수앱지스,ST,코스닥
086900,메디톡스,ST,코스닥
086960,MDS테크,ST,코스닥
086980,쇼박스,ST,코스닥
087010,펩트론,ST,코스닥
087260,모바일어플라이언스,ST,코스닥
087600,픽셀플러스,ST,코스닥
088130,동아엘텍,ST,코스닥
088280,쏘닉스,ST,코스닥
088290,이원컴포텍,ST,코스닥
088390,이녹스,ST,코스닥
088800,에이스테크,ST,코스닥
088910,동우팜투테이블,ST,코스닥
089010,켐트로닉스,ST,코스닥
089030,테크윙,ST,코스닥
089140,넥스턴바이오,ST,코스닥
089150,케이씨티,ST,코스닥
089230,THE E&M,ST,코스닥
089530,에이티세미콘,ST,코스닥
089600,나스미디어,ST,코스닥
089790,제이티,ST,코스닥
089850,유비벨록스,ST,코스닥
089890,코세스,ST,코스닥
089970,에이피티씨,ST,코스닥
089980,상아프론테크,ST,코스닥
090150,아이윈,ST,코스닥
090360,로보스타,ST,코스닥
090410,덕신하우징,ST,코스닥
090470,제이스텍,ST,코스닥
090710,휴림로봇,ST,코스닥
090850,현대이지웰,ST,코스닥
091120,이엠텍,ST,코스닥
091340,S&K폴리텍,ST,코스닥
091440,한울소재과학,ST,코스닥
091580,상신이디피,ST,코스닥
091590,남화토건,ST,코스닥
091700,파트론,ST,코스닥
091970,나노캠텍,ST,코스닥
092040,아미코젠,ST,코스닥
092070,디엔에프,ST,코스닥
092130,이크레더블,ST,코스닥
092190,서울바이오시스,ST,코스닥
092300,현우산업,ST,코스닥
092460,한라IMS,ST,코스닥
092600,앤씨앤,ST,코스닥
092730,네오팜,ST,코스닥
092870,엑시콘,ST,코스닥
093190,빅솔론,ST,코스닥
093320,케이아이엔엑스,ST,코스닥
093380,풍강,ST,코스닥
093520,매커스,ST,코스닥
093640,케이알엠,ST,코스닥
093920,서원인텍,ST,코스닥
094170,동운아나텍,ST,코스닥
094360,칩스앤미디어,ST,코스닥
094480,갤럭시아머니트리,ST,코스닥
094820,일진파워,ST,코스닥
094840,슈프리마에이치큐,ST,코스닥
094850,참좋은여행,ST,코스닥
094860,네오리진,ST,코스닥
094940,푸른기술,ST,코스닥
094970,제이엠티,ST,코스닥
095190,이엠코리아,ST,코스닥
095270,웨이브일렉트로,ST,코스닥
095340,ISC,ST,코스닥
095500,미래나노텍,ST,코스닥
095610,테스,ST,코스닥
095660,네오위즈,ST,코스닥
095700,제넥신,ST,코스닥
095910,에스에너지,ST,코스닥
096040,이트론,ST,코스닥
096240,크레버스,ST,코스닥
096350,대창솔루션,ST,코스닥
096530,씨젠,ST,코스닥
096610,알에프세미,ST,코스닥
096630,에스코넥,ST,코스닥
096690,에이루트,ST,코스닥
096870,엘디티,ST,코스닥
097780,에코볼트,ST,코스닥
097800,윈팩,ST,코스닥
097870,효성오앤비,ST,코스닥
098120,마이크로컨텍솔,ST,코스닥
098460,고영,ST,코스닥
098660,에스티오,ST,코스닥
099190,아이센스,ST,코스닥
099220,SDN,ST,코스닥
099320,쎄트렉아이,ST,코스닥
099390,브레인즈컴퍼니,ST,코스닥
099410,동방선기,ST,코스닥
099430,바이오플러스,ST,코스닥
099440,스맥,ST,코스닥
099520,ITX-AI,ST,코스닥
099750,이지케어텍,ST,코스닥
100030,인지소프트,ST,코스닥
100120,뷰웍스,ST,코스닥
100130,동국S&C,ST,코스닥
100590,머큐리,ST,코스닥
100660,서암기계공업,ST,코스닥
100700,세운메디칼,ST,코스닥
100790,미래에셋벤처투자,ST,코스닥
101000,상상인인더스트리,ST,코스닥
101160,월덱스,ST,코스닥
101170,우림피티에스,ST,코스닥
101240,씨큐브,ST,코스닥
101330,모베이스,ST,코스닥
101360,에코앤드림,ST,코스닥
101390,아이엠,ST,코스닥
101400,엔시트론,ST,코스닥
101490,에스앤에스텍,ST,코스닥
101670,하이드로리튬,ST,코스닥
101680,한국정밀기계,ST,코스닥
101730,위메이드맥스,ST,코스닥
101930,인화정공,ST,코스닥
102120,어보브반도체,ST,코스닥
102370,케이옥션,ST,코스닥
102710,이엔에프테크놀로지,ST,코스닥
102940,코오롱생명과학,ST,코스닥
103230,에스앤더블류,ST,코스닥
103840,우양,ST,코스닥
104040,대성파인텍,ST,코스닥
104200,NHN벅스,ST,코스닥
104460,디와이피엔에프,ST,코스닥
104480,티케이케미칼,ST,코스닥
104540,코렌텍,ST,코스닥
104620,노랑풍선,ST,코스닥
104830,원익머트리얼즈,ST,코스닥
105330,케이엔더블유,ST,코스닥
105550,트루윈,ST,코스닥
105740,디케이락,ST,코스닥
105760,포스뱅크,ST,코스닥
106080,하이소닉,ST,코스닥
106190,하이텍팜,ST,코스닥
106240,파인테크닉스,ST,코스닥
106520,노블엠앤비,ST,코스닥
107600,새빗켐,ST,코스닥
108230,톱텍,ST,코스닥
108380,대양전기공업,ST,코스닥
108490,로보티즈,ST,코스닥
108860,셀바스AI,ST,코스닥
109080,옵티시스,ST,코스닥
109610,에스와이,ST,코스닥
109670,씨싸이트,ST,코스닥
109740,디에스케이,ST,코스닥
109820,진매트릭스,ST,코스닥
109860,동일금속,ST,코스닥
109960,에이프로젠 H&G,ST,코스닥
110020,전진바이오팜,ST,코스닥
110790,크리스에프앤씨,ST,코스닥
110990,디아이티,ST,코스닥
111710,남화산업,ST,코스닥
111870,KH 전자,ST,코스닥
112040,위메이드,ST,코스닥
112290,와이씨켐,ST,코스닥
113810,디젠스,ST,코스닥
114190,강원에너지,ST,코스닥
114450,그린생명과학,ST,코스닥
114630,폴라리스우노,ST,코스닥
114810,한솔아이원스,ST,코스닥
114840,아이패밀리에스씨,ST,코스닥
115160,휴맥스,ST,코스닥
115180,큐리언트,ST,코스닥
115310,인포바인,ST,코스닥
115440,우리넷,ST,코스닥
115450,HLB테라퓨틱스,ST,코스닥
115480,씨유메디칼,ST,코스닥
115500,케이씨에스,ST,코스닥
115530,씨엔플러스,ST,코스닥
115570,스타플렉스,ST,코스닥
115610,이미지스,ST,코스닥
115960,연우,ST,코스닥
117670,알파홀딩스,ST,코스닥
117730,티로보틱스,ST,코스닥
118990,모트렉스,ST,코스닥
119500,포메탈,ST,코스닥
119610,인터로조,ST,코스닥
119830,아이텍,ST,코스닥
119850,지엔씨에너지,ST,코스닥
119860,커넥트웨이브,ST,코스닥
120240,대정화금,ST,코스닥
121440,골프존뉴딘홀딩스,ST,코스닥
121600,나노신소재,ST,코스닥
121800,비덴트,ST,코스닥
121850,코이즈,ST,코스닥
121890,에스디시스템,ST,코스닥
122310,제노레이,ST,코스닥
122350,삼기,ST,코스닥
122450,KX,ST,코스닥
122640,예스티,ST,코스닥
122690,서진오토모티브,ST,코스닥
122870,와이지엔터테인먼트,ST,코스닥
122990,와이솔,ST,코스닥
123010,아이윈플러스,ST,코스닥
123040,엠에스오토텍,ST,코스닥
123330,제닉,ST,코스닥
123410,코리아에프티,ST,코스닥
123420,위메이드플레이,ST,코스닥
123570,이엠넷,ST,코스닥
123750,알톤스포츠,ST,코스닥
123840,한일진공,ST,코스닥
123860,아나패스,ST,코스닥
124500,아이티센,ST,코스닥
124560,태웅로직스,ST,코스닥
125210,아모그린텍,ST,코스닥
126340,비나텍,ST,코스닥
126600,BGF에코머티리얼즈,ST,코스닥
126640,화신정공,ST,코스닥
126700,하이비젼시스템,ST,코스닥
126880,제이엔케이히터,ST,코스닥
127120,디엔에이링크,ST,코스닥
127710,아시아경제,ST,코스닥
127980,화인써키트,ST,코스닥
128540,에코캡,ST,코스닥
128660,피제이메탈,ST,코스닥
129890,앱코,ST,코스닥
129920,대성하이텍,ST,코스닥
130500,GH신소재,ST,코스닥
130580,나이스디앤비,ST,코스닥
130740,티피씨글로벌,ST,코스닥
131030,옵투스제약,ST,코스닥
131090,시큐브,ST,코스닥
131100,티엔엔터테인먼트,ST,코스닥
131180,딜리,ST,코스닥
131220,대한과학,ST,코스닥
131290,티에스이,ST,코스닥
131370,알서포트,ST,코스닥
131400,이브이첨단소재,ST,코스닥
131760,파인텍,ST,코스닥
131970,두산테스나,ST,코스닥
133750,메가엠디,ST,코스닥
134060,이퓨쳐,ST,코스닥
134580,탑코미디어,ST,코스닥
136410,아셈스,ST,코스닥
136480,하림,ST,코스닥
136510,스마트솔루션즈,ST,코스닥
136540,윈스,ST,코스닥
137080,나래나노텍,ST,코스닥
137400,피엔티,ST,코스닥
137940,넥스트아이,ST,코스닥
137950,제이씨케미칼,ST,코스닥
138070,신진에스엠,ST,코스닥
138080,오이솔루션,ST,코스닥
138360,협진,ST,코스닥
138580,비즈니스온,ST,코스닥
138610,나이벡,ST,코스닥
139050,BF랩스,ST,코스닥
139670,키네마스터,ST,코스닥
140070,서플러스글로벌,ST,코스닥
140410,메지온,ST,코스닥
140520,대창스틸,ST,코스닥
140670,알에스오토메이션,ST,코스닥
140860,파크시스템스,ST,코스닥
141000,비아트론,ST,코스닥
141080,레고켐바이오,ST,코스닥
142210,유니트론텍,ST,코스닥
142280,녹십자엠에스,ST,코스닥
142760,비엘,ST,코스닥
143160,아이디스,ST,코스닥
143240,사람인,ST,코스닥
143540,영우디에스피,ST,코스닥
144510,지씨셀,ST,코스닥
144960,뉴파워프라즈마,ST,코스닥
145020,휴젤,ST,코스닥
146060,율촌,ST,코스닥
146320,비씨엔씨,ST,코스닥
147760,피엠티,ST,코스닥
147830,제룡산업,ST,코스닥
148140,비디아이,ST,코스닥
148150,세경하이테크,ST,코스닥
148250,알엔투테크놀로지,ST,코스닥
148780,비플라이소프트,ST,코스닥
148930,에이치와이티씨,ST,코스닥
149950,아바텍,ST,코스닥
149980,하이로닉,ST,코스닥
150840,인트로메딕,ST,코스닥
150900,파수,ST,코스닥
151860,KG ETS,ST,코스닥
151910,SBW생명과학,ST,코스닥
153460,네이블,ST,코스닥
153490,우리이앤엘,ST,코스닥
153710,옵티팜,ST,코스닥
154030,아시아종묘,ST,코스닥
154040,다산솔루에타,ST,코스닥
155650,와이엠씨,ST,코스닥
156100,엘앤케이바이오,ST,코스닥
158430,아톤,ST,코스닥
159010,아스플로,ST,코스닥
159580,제로투세븐,ST,코스닥
159910,스킨앤스킨,ST,코스닥
160550,NEW,ST,코스닥
160600,이큐셀,ST,코스닥
160980,싸이맥스,ST,코스닥
161570,THE MIDONG,ST,코스닥
161580,필옵틱스,ST,코스닥
162300,신스틸,ST,코스닥
163730,핑거,ST,코스닥
164060,이루다,ST,코스닥
166090,하나머티리얼즈,ST,코스닥
166480,코아스템켐온,ST,코스닥
168330,내츄럴엔도텍,ST,코스닥
168360,펨트론,ST,코스닥
169330,엠브레인,ST,코스닥
170030,현대공업,ST,코스닥
170790,파이오링크,ST,코스닥
170920,엘티씨,ST,코스닥
171010,램테크놀러지,ST,코스닥
171090,선익시스템,ST,코스닥
171120,라이온켐텍,ST,코스닥
172670,에이엘티,ST,코스닥
173130,오파스넷,ST,코스닥
173940,에프엔씨엔터,ST,코스닥
174880,장원테크,ST,코스닥
174900,앱클론,ST,코스닥
175140,인포마크,ST,코스닥
175250,아이큐어,ST,코스닥
177350,베셀,ST,코스닥
177830,파버나인,ST,코스닥
178320,서진시스템,ST,코스닥
178780,일월지엠엘,ST,코스닥
179290,엠아이텍,ST,코스닥
179530,애드바이오텍,ST,코스닥
179900,유티아이,ST,코스닥
180400,DXVX,ST,코스닥
181340,이즈미디어,ST,코스닥
182360,큐브엔터,ST,코스닥
182400,엔케이맥스,ST,코스닥
183300,코미코,ST,코스닥
183490,엔지켐생명과학,ST,코스닥
184230,SGA솔루션즈,ST,코스닥
185490,아이진,ST,코스닥
186230,그린플러스,ST,코스닥
187220,디티앤씨,ST,코스닥
187270,신화콘텍,ST,코스닥
187420,제노포커스,ST,코스닥
187660,에이디엠코리아,ST,코스닥
187790,나노,ST,코스닥
187870,디바이스이엔지,ST,코스닥
188260,세니젠,ST,코스닥
189300,인텔리안테크,ST,코스닥
189330,씨이랩,ST,코스닥
189690,포시에스,ST,코스닥
189860,서전기전,ST,코스닥
189980,흥국에프엔비,ST,코스닥
190510,나무가,ST,코스닥
190650,코리아에셋투자증권,ST,코스닥
191410,육일씨엔에쓰,ST,코스닥
191420,테고사이언스,ST,코스닥
192250,케이사인,ST,코스닥
192390,윈하이텍,ST,코스닥
192410,휴림네트웍스,ST,코스닥
192440,슈피겐코리아,ST,코스닥
193250,와이제이엠게임즈,ST,코스닥
194480,데브시스터즈,ST,코스닥
194700,노바렉스,ST,코스닥
195500,마니커에프앤지,ST,코스닥
195940,HK이노엔,ST,코스닥
195990,에이비프로바이오,ST,코스닥
196170,알테오젠,ST,코스닥
196300,애니젠,ST,코스닥
196450,코아시아씨엠,ST,코스닥
196490,디에이테크놀로지,ST,코스닥
196700,웹스,ST,코스닥
197140,디지캡,ST,코스닥
198080,엔피디,ST,코스닥
198440,고려시멘트,ST,코스닥
198940,한주라이트메탈,ST,코스닥
199550,레이저옵텍,ST,코스닥
199730,바이오인프라,ST,코스닥
199800,툴젠,ST,코스닥
199820,제일전기공업,ST,코스닥
200130,콜마비앤에이치,ST,코스닥
200230,텔콘RF제약,ST,코스닥
200350,래몽래인,ST,코스닥
200470,에이팩트,ST,코스닥
200670,휴메딕스,ST,코스닥
200710,에이디테크놀로지,ST,코스닥
200780,비씨월드제약,ST,코스닥
201490,미투온,ST,코스닥
203400,에이비온,ST,코스닥
203450,유니온커뮤니티,ST,코스닥
203650,드림시큐리티,ST,코스닥
203690,스피어파워,ST,코스닥
204020,그리티,ST,코스닥
204270,제이앤티씨,ST,코스닥
204610,티쓰리,ST,코스닥
204620,글로벌텍스프리,ST,코스닥
204630,스튜디오산타클로스,ST,코스닥
204840,지엘팜텍,ST,코스닥
205100,엑셈,ST,코스닥
205470,휴마시스,ST,코스닥
205500,액션스퀘어,ST,코스닥
206400,베노티앤알,ST,코스닥
206560,덱스터,ST,코스닥
206640,바디텍메드,ST,코스닥
206650,유바이오로직스,ST,코스닥
207760,미스터블루,ST,코스닥
208140,정다운,ST,코스닥
208340,파멥신,ST,코스닥
208350,지란지교시큐리티,ST,코스닥
208370,셀바스헬스케어,ST,코스닥
208640,썸에이지,ST,코스닥
208710,바이오로그디바이스,ST,코스닥
208860,엔지스테크널러지,ST,코스닥
210120,빅텐츠,ST,코스닥
211050,인카금융서비스,ST,코스닥
211270,AP위성,ST,코스닥
212560,네오오토,ST,코스닥
213420,덕산네오룩스,ST,코스닥
214150,클래시스,ST,코스닥
214180,헥토이노베이션,ST,코스닥
214260,라파스,ST,코스닥
214270,FSN,ST,코스닥
214310,에스엘에너지,ST,코스닥
214370,케어젠,ST,코스닥
214430,아이쓰리시스템,ST,코스닥
214450,파마리서치,ST,코스닥
214610,미코바이오메드,ST,코스닥
214680,디알텍,ST,코스닥
214870,뉴지랩파마,ST,코스닥
215000,골프존,ST,코스닥
215090,휴센텍,ST,코스닥
215100,로보로보,ST,코스닥
215200,메가스터디교육,ST,코스닥
215360,우리산업,ST,코스닥
215380,우정바이오,ST,코스닥
215480,토박스코리아,ST,코스닥
215600,신라젠,ST,코스닥
215790,이노인스트루먼트,ST,코스닥
216050,인크로스,ST,코스닥
216080,제테마,ST,코스닥
217190,제너셈,ST,코스닥
217270,넵튠,ST,코스닥
217330,싸이토젠,ST,코스닥
217480,에스디생명공학,ST,코스닥
217500,러셀,ST,코스닥
217620,디딤이앤에프,ST,코스닥
217730,강스템바이오텍,ST,코스닥
217820,원익피앤이,ST,코스닥
218150,미래생명자원,ST,코스닥
218410,RFHIC,ST,코스닥
219130,타이거일렉,ST,코스닥
219420,링크제니시스,ST,코스닥
219550,디와이디,ST,코스닥
219750,지티지웰니스,ST,코스닥
220100,퓨쳐켐,ST,코스닥
220180,핸디소프트,ST,코스닥
220260,켐트로스,ST,코스닥
221800,유투바이오,ST,코스닥
221840,하이즈항공,ST,코스닥
221980,케이디켐,ST,코스닥
222040,코스맥스엔비티,ST,코스닥
222080,씨아이에스,ST,코스닥
222110,팬젠,ST,코스닥
222160,NPX,ST,코스닥
222420,쎄노텍,ST,코스닥
222800,심텍,ST,코스닥
222810,세토피아,ST,코스닥
222980,한국맥널티,ST,코스닥
223250,드림씨아이에스,ST,코스닥
223310,커머스마이너,ST,코스닥
224060,더코디,ST,코스닥
224110,에이텍모빌리티,ST,코스닥
225190,삼양옵틱스,ST,코스닥
225220,제놀루션,ST,코스닥
225430,케이엠제약,ST,코스닥
225530,보광산업,ST,코스닥
225570,넥슨게임즈,ST,코스닥
225590,패션플랫폼,ST,코스닥
226330,신테카바이오,ST,코스닥
226340,본느,ST,코스닥
226360,KH 건설,ST,코스닥
226400,오스테오닉,ST,코스닥
226440,한송네오텍,ST,코스닥
226950,올릭스,ST,코스닥
227100,에이치앤비디자인,ST,코스닥
227610,아우딘퓨쳐스,ST,코스닥
227950,엔투텍,ST,코스닥
228340,동양파일,ST,코스닥
228670,레이,ST,코스닥
228760,지노믹트리,ST,코스닥
228850,레이언스,ST,코스닥
229000,젠큐릭스,ST,코스닥
230240,에치에프알,ST,코스닥
230360,에코마케팅,ST,코스닥
230980,비유테크놀러지,ST,코스닥
232140,와이아이케이,ST,코스닥
232680,라온테크,ST,코스닥
232830,시큐센,ST,코스닥
234100,폴라리스세원,ST,코스닥
234300,에스트래픽,ST,코스닥
234340,헥토파이낸셜,ST,코스닥
234690,녹십자웰빙,ST,코스닥
234920,자이글,ST,코스닥
235980,메드팩토,ST,코스닥
236200,슈프리마,ST,코스닥
236810,엔비티,ST,코스닥
237690,에스티팜,ST,코스닥
237750,피앤씨테크,ST,코스닥
237820,플레이디,ST,코스닥
237880,클리오,ST,코스닥
238090,앤디포스,ST,코스닥
238120,얼라인드,ST,코스닥
238200,비피도,ST,코스닥
238490,힘스,ST,코스닥
239340,줌인터넷,ST,코스닥
239610,에이치엘사이언스,ST,코스닥
239890,피엔에이치테크,ST,코스닥
240600,유진테크놀로지,ST,코스닥
240810,원익IPS,ST,코스닥
241520,DSC인베스트먼트,ST,코스닥
241690,유니테크노,ST,코스닥
241710,코스메카코리아,ST,코스닥
241770,메카로,ST,코스닥
241790,오션브릿지,ST,코스닥
241820,피씨엘,ST,코스닥
241840,에이스토리,ST,코스닥
242040,나무기술,ST,코스닥
243070,휴온스,ST,코스닥
243840,신흥에스이씨,ST,코스닥
244460,올리패스,ST,코스닥
245620,EDGC,ST,코스닥
246250,에스엘에스바이오,ST,코스닥
246690,TS인베스트먼트,ST,코스닥
246710,티앤알바이오팹,ST,코스닥
246720,아스타,ST,코스닥
246960,이노테라피,ST,코스닥
247540,에코프로비엠,ST,코스닥
247660,나노씨엠에스,ST,코스닥
250000,보라티알,ST,코스닥
250060,모비스,ST,코스닥
250930,예선테크,ST,코스닥
251120,바이오에프디엔씨,ST,코스닥
251370,와이엠티,ST,코스닥
251630,브이원텍,ST,코스닥
251970,펌텍코리아,ST,코스닥
252500,세화피앤씨,ST,코스닥
252990,샘씨엔에스,ST,코스닥
253450,스튜디오드래곤,ST,코스닥
253590,네오셈,ST,코스닥
253840,수젠텍,ST,코스닥
254120,자비스,ST,코스닥
254490,미래반도체,ST,코스닥
255220,SG,ST,코스닥
255440,야스,ST,코스닥
256150,한독크린텍,ST,코스닥
256630,포인트엔지니어링,ST,코스닥
256840,한국비엔씨,ST,코스닥
256940,케이피에스,ST,코스닥
257370,피엔티엠에스,ST,코스닥
257720,실리콘투,ST,코스닥
258610,케일럼,ST,코스닥
258790,소프트캠프,ST,코스닥
258830,세종메디칼,ST,코스닥
259630,엠플러스,ST,코스닥
260660,알리코제약,ST,코스닥
260930,씨티케이,ST,코스닥
260970,에스앤디,ST,코스닥
261200,덴티스,ST,코스닥
261780,차백신연구소,ST,코스닥
262260,에이프로,ST,코스닥
262840,아이퀘스트,ST,코스닥
263020,디케이앤디,ST,코스닥
263050,유틸렉스,ST,코스닥
263540,어스앤에어로스페이스,ST,코스닥
263600,덕우전자,ST,코스닥
263690,디알젬,ST,코스닥
263700,케어랩스,ST,코스닥
263720,디앤씨미디어,ST,코스닥
263750,펄어비스,ST,코스닥
263770,유에스티,ST,코스닥
263800,데이타솔루션,ST,코스닥
263810,상신전자,ST,코스닥
263860,지니언스,ST,코스닥
263920,휴엠앤씨,ST,코스닥
264450,유비쿼스,ST,코스닥
264660,씨앤지하이테크,ST,코스닥
264850,이랜시스,ST,코스닥
265520,AP시스템,ST,코스닥
265560,영화테크,ST,코스닥
265740,엔에프씨,ST,코스닥
267320,나인테크,ST,코스닥
267790,배럴,ST,코스닥
267980,매일유업,ST,코스닥
268600,셀리버리,ST,코스닥
269620,시스웍,ST,코스닥
270520,지오릿에너지,ST,코스닥
270660,에브리봇,ST,코스닥
270870,뉴트리,ST,코스닥
271830,팸텍,ST,코스닥
272110,케이엔제이,ST,코스닥
272290,이녹스첨단소재,ST,코스닥
273060,와이즈버즈,ST,코스닥
273640,와이엠텍,ST,코스닥
274090,켄코아에어로스페이스,ST,코스닥
274400,이노시뮬레이션,ST,코스닥
275630,에스에스알,ST,코스닥
276040,스코넥,ST,코스닥
276730,제주맥주,ST,코스닥
277070,린드먼아시아,ST,코스닥
277410,인산가,ST,코스닥
277810,레인보우로보틱스,ST,코스닥
277880,티에스아이,ST,코스닥
278280,천보,ST,코스닥
278650,HLB바이오스텝,ST,코스닥
279600,미디어젠,ST,코스닥
281740,레이크머티리얼즈,ST,코스닥
282720,금양그린파워,ST,코스닥
282880,코윈테크,ST,코스닥
284620,카이노스메드,ST,코스닥
285490,노바텍,ST,코스닥
285800,진영,ST,코스닥
286750,나노브릭,ST,코스닥
287410,제이시스메디칼,ST,코스닥
288330,브릿지바이오테라퓨틱스,ST,코스닥
288620,에스퓨얼셀,ST,코스닥
288980,모아데이타,ST,코스닥
289010,아이스크림에듀,ST,코스닥
289080,SV인베스트먼트,ST,코스닥
289220,자이언트스텝,ST,코스닥
290090,트윔,ST,코스닥
290120,DH오토리드,ST,코스닥
290270,휴네시온,ST,코스닥
290380,대유,ST,코스닥
290520,신도기연,ST,코스닥
290550,디케이티,ST,코스닥
290560,신시웨이,ST,코스닥
290650,엘앤씨바이오,ST,코스닥
290660,네오펙트,ST,코스닥
290670,대보마그네틱,ST,코스닥
290690,소룩스,ST,코스닥
290720,푸드나무,ST,코스닥
290740,액트로,ST,코스닥
291230,엔피,ST,코스닥
291650,압타머사이언스,ST,코스닥
291810,핀텔,ST,코스닥
293490,카카오게임즈,ST,코스닥
293580,나우IB,ST,코스닥
293780,압타바이오,ST,코스닥
294090,이오플로우,ST,코스닥
294140,레몬,ST,코스닥
294570,쿠콘,ST,코스닥
294630,서남,ST,코스닥
296640,이노룰스,ST,코스닥
297090,씨에스베어링,ST,코스닥
297570,알로이스,ST,코스닥
297890,HB솔루션,ST,코스닥
298060,에스씨엠생명과학,ST,코스닥
298380,에이비엘바이오,ST,코스닥
298540,더네이쳐홀딩스,ST,코스닥
298830,슈어소프트테크,ST,코스닥
299030,하나기술,ST,코스닥
299170,더블유에스아이,ST,코스닥
299660,셀리드,ST,코스닥
299900,위지윅스튜디오,ST,코스닥
299910,베스파,ST,코스닥
300080,플리토,ST,코스닥
300120,라온피플,ST,코스닥
301300,바이브컴퍼니,ST,코스닥
302430,이노메트리,ST,코스닥
302550,리메드,ST,코스닥
303030,지니틱스,ST,코스닥
303360,프로티아,ST,코스닥
303530,이노뎁,ST,코스닥
304100,솔트룩스,ST,코스닥
304360,에스바이오메딕스,ST,코스닥
304840,피플바이오,ST,코스닥
305090,마이크로디지탈,ST,코스닥
306040,에스제이그룹,ST,코스닥
306620,네온테크,ST,코스닥
307180,아이엘사이언스,ST,코스닥
307280,원바이오젠,ST,코스닥
307750,국전약품,ST,코스닥
307870,비투엔,ST,코스닥
307930,컴퍼니케이,ST,코스닥
308080,바이젠셀,ST,코스닥
308100,까스텔바작,ST,코스닥
309930,오하임앤컴퍼니,ST,코스닥
309960,LB인베스트먼트,ST,코스닥
310200,애니플러스,ST,코스닥
310210,보로노이,ST,코스닥
310870,디와이씨,ST,코스닥
311320,지오엘리먼트,ST,코스닥
311390,네오크레마,ST,코스닥
311690,CJ 바이오사이언스,ST,코스닥
312610,에이에프더블류,ST,코스닥
313760,윌링스,ST,코스닥
314130,지놈앤컴퍼니,ST,코스닥
314140,알피바이오,ST,코스닥
314930,바이오다인,ST,코스닥
315640,딥노이드,ST,코스닥
317120,라닉스,ST,코스닥
317240,TS트릴리온,ST,코스닥
317330,덕산테코피아,ST,코스닥
317530,캐리소프트,ST,코스닥
317690,퀀타매트릭스,ST,코스닥
317770,엑스페릭스,ST,코스닥
317830,에스피시스템스,ST,코스닥
317850,대모,ST,코스닥
317870,엔바이오니아,ST,코스닥
318000,KBG,ST,코스닥
318010,팜스빌,ST,코스닥
318020,포인트모바일,ST,코스닥
318160,셀바이오휴먼텍,ST,코스닥
318410,비비씨,ST,코스닥
319400,현대무벡스,ST,코스닥
319660,피에스케이,ST,코스닥
320000,윈텍,ST,코스닥
321260,프로이천,ST,코스닥
321370,센서뷰,ST,코스닥
321550,티움바이오,ST,코스닥
321820,와이더플래닛,ST,코스닥
322180,티라유텍,ST,코스닥
322310,오로스테크놀로지,ST,코스닥
322510,제이엘케이,ST,코스닥
322780,코퍼스코리아,ST,코스닥
323230,엠에프엠코리아,ST,코스닥
323280,태성,ST,코스닥
323990,박셀바이오,ST,코스닥
327260,RF머트리얼즈,ST,코스닥
328130,루닛,ST,코스닥
328380,솔트웨어,ST,코스닥
330350,위더스제약,ST,코스닥
330730,스톤브릿지벤처스,ST,코스닥
330860,네패스아크,ST,코스닥
331380,포커스에이치엔에스,ST,코스닥
331520,밸로프,ST,코스닥
331920,셀레믹스,ST,코스닥
332290,누보,ST,코스닥
332370,아이디피,ST,코스닥
332570,와이팜,ST,코스닥
333050,모코엠시스,ST,코스닥
333430,일승,ST,코스닥
333620,엔시스,ST,코스닥
334970,프레스티지바이오로직스,ST,코스닥
335810,프리시젼바이오,ST,코스닥
335870,윙스풋,ST,코스닥
335890,비올,ST,코스닥
336060,웨이버스,ST,코스닥
336570,원텍,ST,코스닥
337930,브랜드엑스코퍼레이션,ST,코스닥
338220,뷰노,ST,코스닥
338840,와이바이오로직스,ST,코스닥
339950,아이비김영,ST,코스닥
340360,다보링크,ST,코스닥
340440,세림B&G,ST,코스닥
340570,티앤엘,ST,코스닥
340810,씨유박스,ST,코스닥
340930,유일에너테크,ST,코스닥
344860,이노진,ST,코스닥
347000,센코,ST,코스닥
347700,라이프시맨틱스,ST,코스닥
347740,피엔케이피부임상연구센타,ST,코스닥
347770,핌스,ST,코스닥
347860,알체라,ST,코스닥
347890,엠투아이,ST,코스닥
348030,모비릭스,ST,코스닥
348080,큐라티스,ST,코스닥
348150,고바이오랩,ST,코스닥
348210,넥스틴,ST,코스닥
348340,뉴로메카,ST,코스닥
348350,위드텍,ST,코스닥
348370,엔켐,ST,코스닥
351320,에스에이티이엔지,ST,코스닥
351330,이삭엔지니어링,ST,코스닥
352090,스톰테크,ST,코스닥
352480,씨앤씨인터내셔널,ST,코스닥
352700,씨앤투스,ST,코스닥
352770,클리노믹스,ST,코스닥
352910,오비고,ST,코스닥
352940,인바이오,ST,코스닥
353190,휴럼,ST,코스닥
353590,오토앤,ST,코스닥
353810,이지바이오,ST,코스닥
354200,엔젠바이오,ST,코스닥
354320,알멕,ST,코스닥
355150,코스텍시스,ST,코스닥
355390,크라우드웍스,ST,코스닥
355690,에이텀,ST,코스닥
356680,엑스게이트,ST,코스닥
356860,티엘비,ST,코스닥
356890,싸이버원,ST,코스닥
357230,에이치피오,ST,코스닥
357550,석경에이티,ST,코스닥
357580,아모센스,ST,코스닥
357780,솔브레인,ST,코스닥
357880,비트나인,ST,코스닥
358570,지아이이노베이션,ST,코스닥
359090,씨엔알리서치,ST,코스닥
360070,탑머티리얼,ST,코스닥
360350,코셈,ST,코스닥
361390,제노코,ST,코스닥
361570,알비더블유,ST,코스닥
361670,삼영에스앤씨,ST,코스닥
362320,청담글로벌,ST,코스닥
362990,드림인사이트,ST,코스닥
363250,진시스템,ST,코스닥
363260,모비데이즈,ST,코스닥
365270,큐라클,ST,코스닥
365330,에스와이스틸텍,ST,코스닥
365340,성일하이텍,ST,코스닥
365590,하이딥,ST,코스닥
365900,브이씨,ST,코스닥
366030,공구우먼,ST,코스닥
367000,플래티어,ST,코스닥
368600,아이씨에이치,ST,코스닥
368770,파이버프로,ST,코스닥
368970,오에스피,ST,코스닥
369370,블리츠웨이,ST,코스닥
370090,퓨런티어,ST,코스닥
371950,풍원정밀,ST,코스닥
372170,윤성에프앤씨,ST,코스닥
372320,큐로셀,ST,코스닥
372800,아이티아이즈,ST,코스닥
373170,엠아이큐브솔루션,ST,코스닥
373200,하인크코리아,ST,코스닥
376180,피코그램,ST,코스닥
376190,LB루셈,ST,코스닥
376290,씨유테크,ST,코스닥
376300,디어유,ST,코스닥
376930,노을,ST,코스닥
376980,원티드랩,ST,코스닥
377030,맥스트,ST,코스닥
377220,프롬바이오,ST,코스닥
377330,이지트로닉스,ST,코스닥
377450,리파인,ST,코스닥
377460,위니아에이드,ST,코스닥
377480,마음AI,ST,코스닥
378340,필에너지,ST,코스닥
378800,샤페론,ST,코스닥
380540,옵티코어,ST,코스닥
382480,지아이텍,ST,코스닥
382800,지앤비에스 에코,ST,코스닥
382840,원준,ST,코스닥
382900,범한퓨얼셀,ST,코스닥
383310,에코프로에이치엔,ST,코스닥
383930,디티앤씨알오,ST,코스닥
384470,코어라인소프트,ST,코스닥
386580,한화플러스제2호스팩,ST,코스닥
388050,지투파워,ST,코스닥
388720,유일로보틱스,ST,코스닥
388790,라이콤,ST,코스닥
388800,유진스팩7호,ST,코스닥
388870,파로스아이바이오,ST,코스닥
389020,자람테크놀로지,ST,코스닥
389030,지니너스,ST,코스닥
389140,포바이포,ST,코스닥
389260,대명에너지,ST,코스닥
389470,인벤티지랩,ST,코스닥
389500,에스비비테크,ST,코스닥
391060,엔에이치스팩20호,ST,코스닥
391710,코닉오토메이션,ST,코스닥
393210,토마토시스템,ST,코스닥
393360,신한제8호스팩,ST,코스닥
393890,더블유씨피,ST,코스닥
394280,오픈엣지테크놀로지,ST,코스닥
396270,넥스트칩,ST,코스닥
396300,세아메카닉스,ST,코스닥
396470,워트,ST,코스닥
397030,에이프릴바이오,ST,코스닥
397880,교보11호스팩,ST,코스닥
399720,가온칩스,ST,코스닥
400840,하이제7호스팩,ST,코스닥
402030,코난테크놀로지,ST,코스닥
402490,그린리소스,ST,코스닥
403490,우듬지팜,ST,코스닥
403870,HPSP,ST,코스닥
405000,플라즈맵,ST,코스닥
405100,큐알티,ST,코스닥
405640,신한제9호스팩,ST,코스닥
405920,나라셀라,ST,코스닥
406760,하나금융21호스팩,ST,코스닥
406820,뷰티스킨,ST,코스닥
407400,꿈비,ST,코스닥
408900,스튜디오미르,ST,코스닥
408920,메쎄이상,ST,코스닥
411080,샌즈랩,ST,코스닥
412350,레이저쎌,ST,코스닥
412930,미래에셋비전스팩1호,ST,코스닥
413600,키움제6호스팩,ST,코스닥
413630,유진스팩8호,ST,코스닥
413640,비아이매트릭스,ST,코스닥
415380,스튜디오삼익,ST,코스닥
415580,상상인제3호스팩,ST,코스닥
416180,신성에스티,ST,코스닥
417010,나노팀,ST,코스닥
417180,핑거스토리,ST,코스닥
417200,LS머트리얼즈,ST,코스닥
417500,제이아이테크,ST,코스닥
417790,트루엔,ST,코스닥
417840,저스템,ST,코스닥
417860,오브젠,ST,코스닥
417970,모델솔루션,ST,코스닥
418170,하나금융22호스팩,ST,코스닥
418210,신한제10호스팩,ST,코스닥
418250,시큐레터,ST,코스닥
418420,라온텍,ST,코스닥
418470,밀리의서재,ST,코스닥
418550,제이오,ST,코스닥
418620,이에이트,ST,코스닥
419050,삼기이브이,ST,코스닥
419080,엔젯,ST,코스닥
419120,산돌,ST,코스닥
419270,신영스팩7호,ST,코스닥
419530,SAMG엔터,ST,코스닥
419540,비스토스,ST,코스닥
420770,기가비스,ST,코스닥
421800,교보12호스팩,ST,코스닥
422040,엔에이치스팩23호,ST,코스닥
424140,케이비제21호스팩,ST,코스닥
424760,벨로크,ST,코스닥
424960,스마트레이더시스템,ST,코스닥
424980,마이크로투나노,ST,코스닥
425040,티이엠씨,ST,코스닥
425290,삼성스팩6호,ST,코스닥
425420,티에프이,ST,코스닥
429270,시지트로닉스,ST,코스닥
430220,신영스팩8호,ST,코스닥
430230,하나금융24호스팩,ST,코스닥
430460,한화플러스제3호스팩,ST,코스닥
430690,한싹,ST,코스닥
430700,유안타제9호스팩,ST,코스닥
432430,와이랩,ST,코스닥
432470,케이엔에스,ST,코스닥
432720,퀄리타스반도체,ST,코스닥
433530,키움제7호스팩,ST,코스닥
434480,모니터랩,ST,코스닥
435380,유안타제10호스팩,ST,코스닥
435620,하나금융25호스팩,ST,코스닥
435870,에스케이증권제8호스팩,ST,코스닥
436530,케이비제22호스팩,ST,코스닥
436610,한국제11호스팩,ST,코스닥
437780,엔에이치스팩24호,ST,코스닥
438220,대신밸런스제13호스팩,ST,코스닥
438580,엔에이치스팩25호,ST,코스닥
438700,버넥트,ST,코스닥
439090,마녀공장,ST,코스닥
439250,삼성스팩7호,ST,코스닥
439410,엔에이치스팩26호,ST,코스닥
439580,블루엠텍,ST,코스닥
439730,IBKS제20호스팩,ST,코스닥
440110,파두,ST,코스닥
440290,HB인베스트먼트,ST,코스닥
440320,오픈놀,ST,코스닥
440790,교보13호스팩,ST,코스닥
440820,엔에이치스팩27호,ST,코스닥
441270,파인엠텍,ST,코스닥
442130,유진스팩9호,ST,코스닥
442310,대신밸런스제14호스팩,ST,코스닥
442770,IBKS제21호스팩,ST,코스닥
442900,미래에셋드림스팩1호,ST,코스닥
443250,레뷰코퍼레이션,ST,코스닥
443670,에스피소프트,ST,코스닥
444920,유안타제11호스팩,ST,코스닥
445090,에이직랜드,ST,코스닥
445180,퓨릿,ST,코스닥
445360,비엔케이제1호스팩,ST,코스닥
445680,큐리옥스바이오시스템즈,ST,코스닥
445970,신영스팩9호,ST,코스닥
446150,유안타제12호스팩,ST,코스닥
446190,미래에셋비전스팩2호,ST,코스닥
446540,메가터치,ST,코스닥
446750,하나26호스팩,ST,코스닥
446840,키움제8호스팩,ST,코스닥
448280,에코아이,ST,코스닥
448370,하나27호스팩,ST,코스닥
448710,코츠테크놀로지,ST,코스닥
448740,삼성스팩8호,ST,코스닥
448760,IBKS제22호스팩,ST,코스닥
448830,미래에셋비전스팩3호,ST,코스닥
449020,유안타제13호스팩,ST,코스닥
450050,하이제8호스팩,ST,코스닥
450520,인스웨이브시스템즈,ST,코스닥
450940,유안타제14호스팩,ST,코스닥
451220,아이엠티,ST,코스닥
451700,엔에이치스팩29호,ST,코스닥
451760,컨텍,ST,코스닥
452160,제이엔비,ST,코스닥
452190,한빛레이저,ST,코스닥
452280,한선엔지니어링,ST,코스닥
452300,캡스톤파트너스,ST,코스닥
452400,이닉스,ST,코스닥
452430,사피엔반도체,ST,코스닥
452670,상상인제4호스팩,ST,코스닥
452980,신한제11호스팩,ST,코스닥
453860,에이에스텍,ST,코스닥
454640,하나29호스팩,ST,코스닥
454750,하나28호스팩,ST,코스닥
455250,KB제25호스팩,ST,코스닥
455310,한화플러스제4호스팩,ST,코스닥
455910,에스케이증권제9호스팩,ST,코스닥
456440,DB금융스팩11호,ST,코스닥
456490,교보14호스팩,ST,코스닥
457390,대신밸런스제15호스팩,ST,코스닥
457550,우진엔텍,ST,코스닥
457630,대신밸런스제16호스팩,ST,코스닥
457940,에스케이증권제10호스팩,ST,코스닥
458320,KB제26호스팩,ST,코스닥
458610,한국제12호스팩,ST,코스닥
460930,현대힘스,ST,코스닥
462020,에이치엠씨제6호스팩,ST,코스닥
464440,한국제13호스팩,ST,코스닥
464680,KB제27호스팩,ST,코스닥
465320,교보15호스팩,ST,코스닥
466910,엔에이치스팩30호,ST,코스닥
467930,IBKS제23호스팩,ST,코스닥
468510,삼성스팩9호,ST,코스닥
468760,유진스팩10호,ST,코스닥
469480,IBKS제24호스팩,ST,코스닥
469880,하나30호스팩,ST,코스닥
471050,대신밸런스제17호스팩,ST,코스닥
472220,신영스팩10호,ST,코스닥
472230,에스케이증권제11호스팩,ST,코스닥
472850,폰드그룹,ST,코스닥
473050,유안타제15호스팩,ST,코스닥
950190,고스트스튜디오,DR,코스닥
950110,SBI핀테크솔루션즈,DR,코스닥
950170,JTC,DR,코스닥
950130,엑세스바이오,DR,코스닥
950140,잉글우드랩,DR,코스닥
950160,코오롱티슈진,DR,코스닥
950220,네오이뮨텍,DR,코스닥
950200,소마젠,DR,코스닥
900280,골든센츄리,FS,코스닥
900120,씨엑스아이,FS,코스닥
900250,크리스탈신소재,FS,코스닥
900070,글로벌에스엠,FS,코스닥
900100,애머릿지,FS,코스닥
